stock_name,2014,2015,2016,2017,2018,2019,2020,2021,2022
3S,0.0,0.0,0.0,0.0,0.0,0.0,0.0,0.0,0.0
AJ네트웍스,0.0,0.0,60.0,86.0,100.0,300.0,210.0,270.0,270.0
AK홀딩스,350.0,500.0,550.0,650.0,750.0,750.0,400.0,200.0,200.0
APS,0.0,0.0,0.0,0.0,0.0,0.0,0.0,100.0,0.0
AP시스템,,,,0.0,150.0,50.0,120.0,240.0,270.0
AP위성,0.0,0.0,0.0,0.0,0.0,70.0,70.0,70.0,70.0
BGF,600.0,1200.0,800.0,200.0,35.0,110.0,110.0,110.0,110.0
BGF리테일,,,,1000.0,2680.0,2700.0,2400.0,3000.0,4100.0
BGF에코머티리얼즈,150.0,150.0,150.0,70.0,70.0,70.0,100.0,100.0,100.0
BNK금융지주,200.0,150.0,230.0,230.0,300.0,360.0,320.0,560.0,625.0
BYC,800.0,850.0,800.0,850.0,1000.0,1100.0,1100.0,1500.0,3000.0
CBI,0.0,0.0,0.0,0.0,0.0,0.0,0.0,0.0,0.0
CJ,950.0,1350.0,1350.0,1450.0,1450.0,1850.0,2000.0,2300.0,2500.0
CJ CGV,350.0,350.0,350.0,350.0,200.0,0.0,0.0,0.0,0.0
CJ 바이오사이언스,,,,0.0,0.0,0.0,0.0,0.0,0.0
CJ대한통운,0.0,0.0,0.0,0.0,0.0,0.0,0.0,0.0,500.0
CJ씨푸드,0.0,0.0,0.0,0.0,0.0,0.0,0.0,0.0,0.0
CJ제일제당,2000.0,2500.0,2500.0,3000.0,3500.0,3500.0,4000.0,5000.0,5500.0
CJ프레시웨이,200.0,200.0,200.0,200.0,200.0,250.0,0.0,300.0,350.0
CMG제약,0.0,0.0,0.0,0.0,0.0,0.0,0.0,0.0,0.0
CNH,50.0,15.0,25.0,20.0,20.0,30.0,50.0,20.0,20.0
CNT85,0.0,0.0,0.0,0.0,0.0,0.0,0.0,0.0,0.0
CS,0.0,0.0,0.0,0.0,0.0,0.0,0.0,0.0,0.0
CSA 코스믹,0.0,0.0,0.0,0.0,0.0,0.0,0.0,0.0,0.0
CS홀딩스,0.0,0.0,500.0,500.0,500.0,500.0,500.0,500.0,500.0
DB,0.0,0.0,0.0,0.0,0.0,0.0,0.0,0.0,0.0
DB금융투자,100.0,0.0,0.0,100.0,250.0,250.0,300.0,500.0,170.0
DB손해보험,1450.0,1550.0,1650.0,2300.0,2000.0,1500.0,2200.0,3500.0,4600.0
DB하이텍,0.0,0.0,0.0,250.0,250.0,350.0,350.0,450.0,1300.0
DGB금융지주,320.0,280.0,300.0,340.0,360.0,410.0,390.0,630.0,650.0
DGP,0.0,0.0,0.0,0.0,0.0,0.0,0.0,0.0,0.0
DH오토웨어,0.0,0.0,0.0,0.0,0.0,0.0,0.0,0.0,0.0
DI동일,,,,,,,,,
DL,100.0,300.0,300.0,1000.0,1700.0,1300.0,1300.0,1900.0,1000.0
DL건설,0.0,0.0,0.0,0.0,250.0,400.0,550.0,750.0,250.0
DL이앤씨,,,,,,,0.0,2700.0,1000.0
DMS,0.0,0.0,50.0,50.0,100.0,75.0,100.0,100.0,125.0
DN오토모티브,150.0,250.0,350.0,700.0,1000.0,1500.0,2000.0,2000.0,2500.0
DRB동일,60.0,60.0,80.0,100.0,110.0,100.0,50.0,30.0,40.0
DSC인베스트먼트,0.0,0.0,0.0,0.0,0.0,0.0,0.0,0.0,0.0
DSEN,0.0,0.0,0.0,0.0,0.0,0.0,0.0,0.0,0.0
DSR,30.0,50.0,50.0,50.0,50.0,50.0,50.0,50.0,60.0
DSR제강,30.0,40.0,40.0,40.0,40.0,40.0,40.0,40.0,60.0
DXVX,0.0,0.0,0.0,0.0,0.0,0.0,0.0,0.0,0.0
E1,2000.0,2600.0,2000.0,2000.0,2000.0,2200.0,2200.0,2200.0,3600.0
EDGC,,,,0.0,0.0,0.0,0.0,0.0,0.0
EG,50.0,50.0,50.0,50.0,50.0,0.0,50.0,0.0,0.0
ESR켄달스퀘어리츠,,,,,,,134.0,134.0,134.0
ES큐브,0.0,0.0,0.0,0.0,0.0,0.0,0.0,0.0,0.0
F&F,,,,,,,0.0,5500.0,1600.0
F&F홀딩스,,,,,,,,,
FSN,0.0,0.0,0.0,0.0,0.0,0.0,0.0,0.0,0.0
GH신소재,75.0,90.0,90.0,90.0,0.0,0.0,0.0,0.0,0.0
GKL,1002.0,831.0,1000.0,730.0,710.0,659.0,0.0,0.0,0.0
GRT,,,,72.0,0.0,0.0,0.0,0.0,0.0
GS,1200.0,1500.0,1600.0,1800.0,1900.0,1900.0,1900.0,2000.0,2500.0
GST,70.0,0.0,0.0,100.0,0.0,200.0,150.0,300.0,300.0
GS건설,0.0,0.0,0.0,300.0,1000.0,1000.0,1200.0,1300.0,1300.0
GS글로벌,125.0,0.0,0.0,25.0,25.0,0.0,0.0,0.0,0.0
GS리테일,600.0,850.0,1100.0,600.0,650.0,750.0,900.0,1200.0,430.0
HB솔루션,,,,,,,0.0,0.0,150.0
HB테크놀러지,0.0,0.0,30.0,40.0,20.0,20.0,20.0,20.0,20.0
HDC,300.0,500.0,700.0,1000.0,150.0,200.0,250.0,250.0,250.0
HDC랩스,2000.0,250.0,300.0,250.0,350.0,350.0,400.0,450.0,450.0
HDC현대EP,100.0,130.0,140.0,120.0,60.0,120.0,140.0,140.0,120.0
HDC현대산업개발,,,,0.0,500.0,500.0,600.0,600.0,600.0
HD한국조선해양,0.0,0.0,0.0,0.0,0.0,0.0,0.0,0.0,0.0
HD현대,,,,0.0,18500.0,18500.0,18500.0,5550.0,4600.0
HD현대건설기계,,,,0.0,850.0,0.0,0.0,1200.0,1750.0
HD현대에너지솔루션,,,,0.0,0.0,0.0,200.0,0.0,600.0
HD현대인프라코어,0.0,0.0,0.0,0.0,0.0,0.0,0.0,0.0,240.0
HD현대일렉트릭,,,,0.0,0.0,0.0,0.0,0.0,500.0
HD현대중공업,,,,,,,0.0,0.0,0.0
HJ중공업,0.0,0.0,0.0,0.0,0.0,0.0,0.0,0.0,0.0
HL D&I,0.0,0.0,0.0,100.0,0.0,0.0,100.0,100.0,0.0
HLB,0.0,0.0,0.0,0.0,0.0,0.0,0.0,0.0,0.0
HLB글로벌,0.0,0.0,0.0,0.0,0.0,0.0,0.0,0.0,0.0
HLB바이오스텝,,,,0.0,0.0,0.0,150.0,200.0,0.0
HLB생명과학,0.0,0.0,0.0,0.0,0.0,0.0,0.0,0.0,0.0
HLB이노베이션,0.0,0.0,0.0,0.0,0.0,0.0,0.0,0.0,0.0
HLB제약,0.0,0.0,0.0,0.0,0.0,0.0,0.0,0.0,0.0
HLB테라퓨틱스,0.0,0.0,0.0,0.0,0.0,0.0,0.0,0.0,0.0
HL만도,2000.0,4800.0,5000.0,1000.0,500.0,550.0,0.0,800.0,500.0
HL홀딩스,500.0,1200.0,1250.0,1350.0,2000.0,2000.0,2000.0,2000.0,2000.0
HMM,0.0,0.0,0.0,0.0,0.0,0.0,0.0,600.0,1200.0
HPSP,,,,,,,48300.0,0.0,150.0
HRS,80.0,30.0,80.0,80.0,30.0,0.0,150.0,200.0,200.0
HSD엔진,0.0,0.0,0.0,0.0,0.0,0.0,0.0,0.0,0.0
IHQ,,,,,,,,,
ISC,500.0,250.0,170.0,350.0,150.0,50.0,150.0,200.0,600.0
ITX-AI,0.0,0.0,0.0,0.0,0.0,0.0,0.0,0.0,0.0
JB금융지주,100.0,50.0,50.0,100.0,180.0,300.0,374.0,599.0,835.0
JTC,,,,602.0,201.0,65.0,32.0,0.0,0.0
JW생명과학,771.0,808.0,600.0,1000.0,500.0,500.0,500.0,500.0,500.0
JW신약,30.0,50.0,60.0,60.0,60.0,60.0,0.0,0.0,0.0
JW중외제약,125.0,150.0,250.0,275.0,325.0,325.0,325.0,325.0,375.0
JW홀딩스,25.0,45.0,75.0,75.0,85.0,90.0,90.0,90.0,100.0
KBG,,,,14.0,14.0,50.0,75.0,100.0,134.0
KBI메탈,0.0,0.0,0.0,0.0,0.0,0.0,0.0,0.0,0.0
KB금융,780.0,980.0,1250.0,1920.0,1920.0,2210.0,1770.0,2940.0,2950.0
KB스타리츠,,,,,,,,,
KB오토시스,180.0,200.0,300.0,250.0,280.0,230.0,170.0,120.0,150.0
KCC,,,,,,,,,
KCC건설,250.0,0.0,100.0,130.0,130.0,150.0,180.0,180.0,150.0
KCC글라스,,,,,,,,,
KCI,90.0,130.0,180.0,180.0,180.0,200.0,200.0,200.0,250.0
KCTC,,,,,,,,,
KC그린홀딩스,50.0,80.0,100.0,110.0,80.0,60.0,40.0,70.0,50.0
KC코트렐,0.0,0.0,40.0,100.0,80.0,30.0,0.0,0.0,0.0
KD,0.0,0.0,0.0,0.0,0.0,0.0,0.0,0.0,0.0
KEC,0.0,0.0,0.0,12.0,0.0,0.0,0.0,0.0,60.0
KG ETS,100.0,100.0,100.0,100.0,100.0,110.0,110.0,120.0,150.0
KG모빌리언스,150.0,150.0,200.0,200.0,200.0,200.0,220.0,220.0,220.0
KG모빌리티,0.0,0.0,0.0,0.0,0.0,0.0,0.0,0.0,0.0
KG스틸,0.0,0.0,0.0,0.0,0.0,0.0,100.0,100.0,150.0
KG이니시스,200.0,200.0,250.0,250.0,300.0,330.0,350.0,400.0,400.0
KG케미칼,350.0,350.0,350.0,350.0,350.0,350.0,400.0,500.0,500.0
KH 건설,0.0,0.0,0.0,80.0,60.0,0.0,0.0,0.0,0.0
KH 전자,300.0,500.0,400.0,250.0,0.0,0.0,0.0,0.0,0.0
KH 필룩스,40.0,0.0,78.0,50.0,0.0,0.0,0.0,0.0,0.0
KH바텍,500.0,300.0,50.0,0.0,0.0,0.0,0.0,300.0,300.0
KISCO홀딩스,900.0,900.0,900.0,250.0,280.0,280.0,300.0,400.0,600.0
KNN,25.0,25.0,20.0,25.0,25.0,20.0,15.0,20.0,20.0
KPX생명과학,0.0,0.0,0.0,234.0,0.0,0.0,0.0,0.0,0.0
KPX케미칼,1750.0,1750.0,2000.0,2000.0,2000.0,2500.0,2750.0,2750.0,2750.0
KPX홀딩스,2100.0,2100.0,2100.0,3850.0,2600.0,2600.0,3100.0,3000.0,3000.0
KR모터스,0.0,0.0,0.0,0.0,0.0,0.0,0.0,0.0,0.0
KSS해운,200.0,260.0,170.0,230.0,230.0,270.0,300.0,350.0,350.0
KT,,,,,,,,,
KT&G,,,,,,,,,
KTcs,120.0,100.0,80.0,80.0,90.0,80.0,80.0,100.0,120.0
KTis,120.0,100.0,80.0,80.0,80.0,90.0,80.0,100.0,120.0
KT서브마린,120.0,50.0,50.0,50.0,30.0,30.0,30.0,30.0,30.0
KX,0.0,0.0,0.0,0.0,120.0,70.0,0.0,0.0,167.0
KX하이텍,0.0,0.0,0.0,0.0,0.0,0.0,0.0,0.0,0.0
LB루셈,,,,,,,0.0,0.0,0.0
LB세미콘,0.0,0.0,0.0,0.0,0.0,50.0,50.0,50.0,0.0
LB인베스트먼트,,,,,,,0.0,0.0,0.0
LF,500.0,500.0,500.0,500.0,500.0,500.0,500.0,600.0,700.0
LG,1000.0,1300.0,1300.0,1300.0,2000.0,2200.0,2500.0,2800.0,3000.0
LG디스플레이,500.0,500.0,500.0,500.0,0.0,0.0,0.0,650.0,0.0
LG생활건강,4000.0,5500.0,7500.0,9000.0,9250.0,11000.0,11000.0,12000.0,4000.0
LG에너지솔루션,,,,,,,0.0,0.0,0.0
LG유플러스,150.0,250.0,350.0,400.0,400.0,400.0,450.0,550.0,650.0
LG이노텍,250.0,350.0,250.0,250.0,300.0,300.0,700.0,3000.0,4150.0
LG전자,400.0,400.0,400.0,400.0,750.0,750.0,1200.0,850.0,700.0
LG헬로비전,75.0,75.0,75.0,75.0,75.0,75.0,75.0,110.0,120.0
LG화학,4000.0,4500.0,5000.0,6000.0,6000.0,2000.0,10000.0,12000.0,10000.0
LIG넥스원,630.0,940.0,940.0,500.0,500.0,600.0,900.0,1200.0,1500.0
LS,1250.0,1250.0,1250.0,1250.0,1250.0,1450.0,1450.0,1450.0,1550.0
LS ELECTRIC,,,,,,,,,
LS네트웍스,60.0,0.0,0.0,0.0,0.0,0.0,0.0,0.0,0.0
LS전선아시아,0.0,250.0,150.0,160.0,160.0,180.0,200.0,240.0,250.0
LX세미콘,600.0,1000.0,900.0,700.0,830.0,830.0,1350.0,5400.0,4500.0
LX인터내셔널,300.0,200.0,250.0,250.0,250.0,300.0,400.0,2300.0,3000.0
LX하우시스,1800.0,1800.0,1800.0,1800.0,250.0,250.0,300.0,300.0,200.0
LX홀딩스,,,,,,,0.0,0.0,310.0
MDS테크,270.0,280.0,280.0,200.0,250.0,0.0,0.0,0.0,0.0
MH에탄올,200.0,250.0,300.0,350.0,350.0,350.0,350.0,350.0,250.0
MIT,0.0,0.0,0.0,0.0,0.0,0.0,0.0,0.0,0.0
NAVER,782.0,1100.0,1131.0,1446.0,314.0,376.0,402.0,511.0,914.0
NEW,0.0,0.0,0.0,0.0,0.0,0.0,0.0,0.0,0.0
NE능률,50.0,100.0,70.0,50.0,0.0,0.0,40.0,60.0,60.0
NHN,,,,,,,,,
NHN벅스,0.0,0.0,0.0,0.0,0.0,0.0,0.0,0.0,0.0
NH올원리츠,,,,,,,0.0,106.0,154.0
NH투자증권,160.0,400.0,400.0,500.0,500.0,500.0,700.0,1050.0,700.0
NH프라임리츠,,,,0.0,0.0,0.0,125.0,123.0,110.0
NICE,110.0,120.0,130.0,130.0,180.0,230.0,270.0,375.0,410.0
NICE평가정보,100.0,120.0,130.0,140.0,190.0,230.0,275.0,330.0,370.0
NI스틸,50.0,50.0,50.0,50.0,50.0,50.0,50.0,75.0,100.0
NPC,,,,,,,,,
OCI,200.0,0.0,400.0,1950.0,850.0,0.0,0.0,2000.0,2500.0
PI첨단소재,0.0,110.0,450.0,800.0,830.0,315.0,711.0,1090.0,779.0
PN풍년,25.0,25.0,25.0,25.0,25.0,25.0,25.0,25.0,25.0
POSCO홀딩스,8000.0,8000.0,8000.0,8000.0,10000.0,10000.0,8000.0,17000.0,12000.0
RFHIC,0.0,0.0,0.0,50.0,200.0,200.0,100.0,150.0,100.0
RF머트리얼즈,,,,0.0,0.0,0.0,0.0,0.0,100.0
S&K폴리텍,0.0,0.0,0.0,0.0,0.0,0.0,250.0,250.0,0.0
S-Oil,150.0,2400.0,6200.0,5900.0,750.0,200.0,0.0,3800.0,5500.0
SAMG엔터,,,,,,,0.0,0.0,0.0
SBI인베스트먼트,0.0,0.0,0.0,0.0,0.0,0.0,0.0,0.0,0.0
SBI핀테크솔루션즈,50.0,90.0,107.0,101.0,137.0,185.0,195.0,174.0,168.0
SBS,0.0,750.0,0.0,250.0,0.0,150.0,0.0,1000.0,1000.0
SBS콘텐츠허브,250.0,150.0,100.0,0.0,75.0,0.0,0.0,75.0,0.0
SBW생명과학,0.0,0.0,0.0,0.0,0.0,0.0,0.0,0.0,0.0
SCI평가정보,0.0,0.0,0.0,0.0,0.0,69.0,35.0,40.0,50.0
SDN,0.0,0.0,0.0,0.0,0.0,0.0,0.0,0.0,0.0
SFA반도체,0.0,0.0,0.0,0.0,0.0,0.0,0.0,0.0,0.0
SG,,,,50.0,60.0,0.0,0.0,0.0,0.0
SG&G,0.0,0.0,0.0,0.0,0.0,0.0,0.0,0.0,0.0
SGA,0.0,0.0,0.0,0.0,0.0,0.0,0.0,0.0,0.0
SGA솔루션즈,0.0,0.0,0.0,15.0,0.0,0.0,0.0,0.0,0.0
SGC에너지,750.0,750.0,750.0,350.0,750.0,1000.0,1500.0,1500.0,1700.0
SGC이테크건설,500.0,500.0,750.0,750.0,1000.0,1500.0,1500.0,1500.0,1500.0
SG글로벌,0.0,0.0,0.0,0.0,0.0,0.0,0.0,0.0,0.0
SG세계물산,0.0,0.0,0.0,0.0,0.0,0.0,0.0,0.0,0.0
SHD,200.0,350.0,250.0,100.0,100.0,100.0,100.0,100.0,100.0
SH에너지화학,45.0,44.0,55.0,43.0,23.0,0.0,0.0,10.0,10.0
SIMPAC,80.0,120.0,100.0,80.0,60.0,60.0,60.0,200.0,200.0
SJM,,,,,,,,,
SJM홀딩스,,,,,,,,,
SK,,,,,,,,,
SKC,550.0,750.0,750.0,900.0,1000.0,1000.0,1000.0,1100.0,1100.0
SK가스,2000.0,2000.0,2600.0,2600.0,3000.0,3000.0,4000.0,5100.0,6500.0
SK네트웍스,100.0,100.0,100.0,120.0,120.0,120.0,120.0,120.0,120.0
SK디스커버리,300.0,300.0,350.0,750.0,600.0,700.0,1000.0,1500.0,1700.0
SK디앤디,2600.0,400.0,530.0,600.0,600.0,600.0,600.0,800.0,800.0
SK렌터카,0.0,0.0,0.0,0.0,0.0,0.0,0.0,0.0,150.0
SK리츠,,,,,,,53.0,70.0,71.0
SK바이오사이언스,,,,0.0,0.0,0.0,0.0,0.0,0.0
SK바이오팜,,,,,,,,,
SK스퀘어,,,,,,,0.0,0.0,0.0
SK아이이테크놀로지,,,,,,,0.0,0.0,0.0
SK오션플랜트,0.0,0.0,0.0,0.0,0.0,0.0,0.0,0.0,0.0
SK이노베이션,0.0,4800.0,6400.0,8000.0,8000.0,3000.0,0.0,2327.0,5840.0
SK증권,0.0,0.0,0.0,0.0,10.0,10.0,10.0,15.0,5.0
SK케미칼,,,,0.0,400.0,450.0,2000.0,3000.0,1500.0
SK텔레콤,9400.0,10000.0,10000.0,10000.0,10000.0,10000.0,10000.0,3295.0,3320.0
SK하이닉스,300.0,500.0,600.0,1000.0,1500.0,1000.0,1170.0,1540.0,1200.0
SM C&C,0.0,0.0,0.0,0.0,0.0,0.0,0.0,0.0,0.0
SM Life Design,0.0,0.0,0.0,0.0,0.0,0.0,0.0,0.0,0.0
SNT다이내믹스,100.0,200.0,0.0,0.0,200.0,300.0,300.0,400.0,500.0
SNT모티브,800.0,1000.0,1000.0,1000.0,1200.0,1400.0,1600.0,1600.0,1600.0
SNT에너지,500.0,500.0,0.0,0.0,0.0,800.0,800.0,800.0,800.0
SNT홀딩스,200.0,250.0,350.0,200.0,400.0,500.0,650.0,700.0,700.0
SPC삼립,762.0,869.0,956.0,956.0,1004.0,1104.0,1104.0,1500.0,1700.0
STX,0.0,0.0,0.0,0.0,0.0,0.0,0.0,0.0,0.0
STX엔진,0.0,0.0,0.0,0.0,0.0,0.0,0.0,0.0,0.0
STX중공업,,,,,,,,,
SUN&L,150.0,167.0,205.0,0.0,70.0,0.0,0.0,80.0,0.0
SV인베스트먼트,,,,0.0,0.0,120.0,30.0,50.0,60.0
TBH글로벌,,,,,,,,,
TCC스틸,50.0,0.0,0.0,0.0,80.0,30.0,15.0,150.0,120.0
THE E&M,0.0,0.0,0.0,0.0,0.0,0.0,0.0,0.0,0.0
THE MIDONG,50.0,0.0,0.0,0.0,0.0,0.0,0.0,0.0,0.0
TJ미디어,0.0,100.0,60.0,80.0,0.0,50.0,0.0,60.0,230.0
TKG애강,0.0,0.0,0.0,0.0,0.0,0.0,0.0,0.0,0.0
TKG휴켐스,,,,,,,,,
TPC,25.0,25.0,25.0,25.0,25.0,15.0,35.0,35.0,25.0
TS인베스트먼트,0.0,0.0,0.0,15.0,20.0,25.0,25.0,10.0,10.0
TS트릴리온,,,,0.0,0.0,0.0,10.0,0.0,0.0
TYM,100.0,150.0,10.0,15.0,10.0,0.0,0.0,20.0,60.0
WISCOM,250.0,150.0,100.0,0.0,0.0,50.0,50.0,50.0,50.0
YBM넷,210.0,210.0,150.0,100.0,100.0,0.0,0.0,100.0,150.0
YG PLUS,0.0,0.0,0.0,0.0,0.0,0.0,0.0,0.0,0.0
YTN,10.0,0.0,15.0,20.0,20.0,10.0,30.0,50.0,60.0
YW,100.0,0.0,100.0,100.0,100.0,50.0,100.0,100.0,150.0
iMBC,30.0,30.0,45.0,0.0,0.0,0.0,0.0,0.0,0.0
가비아,20.0,30.0,30.0,30.0,30.0,40.0,60.0,70.0,70.0
가온그룹,100.0,100.0,100.0,120.0,100.0,100.0,50.0,100.0,100.0
가온전선,600.0,600.0,600.0,600.0,600.0,600.0,600.0,420.0,50.0
가온칩스,,,,,,,0.0,0.0,0.0
감성코퍼레이션,0.0,0.0,0.0,0.0,0.0,0.0,0.0,0.0,0.0
강남제비스코,500.0,500.0,500.0,550.0,550.0,500.0,500.0,500.0,500.0
강스템바이오텍,0.0,0.0,0.0,0.0,0.0,0.0,0.0,0.0,0.0
강원랜드,850.0,980.0,990.0,990.0,900.0,900.0,0.0,0.0,350.0
강원에너지,0.0,0.0,0.0,0.0,0.0,0.0,0.0,0.0,0.0
갤럭시아머니트리,0.0,0.0,25.0,30.0,35.0,55.0,0.0,0.0,0.0
갤럭시아에스엠,0.0,0.0,0.0,0.0,0.0,0.0,0.0,0.0,0.0
경남스틸,300.0,300.0,150.0,350.0,70.0,90.0,100.0,100.0,130.0
경남제약,,,,,,,,,
경농,220.0,240.0,265.0,295.0,250.0,220.0,250.0,350.0,400.0
경동나비엔,100.0,100.0,150.0,200.0,250.0,300.0,350.0,450.0,500.0
경동도시가스,,,,750.0,875.0,875.0,875.0,875.0,875.0
경동인베스트,1250.0,1250.0,1250.0,500.0,500.0,500.0,500.0,750.0,750.0
경동제약,600.0,600.0,700.0,400.0,300.0,400.0,500.0,500.0,400.0
경방,500.0,1250.0,180.0,180.0,125.0,125.0,125.0,125.0,125.0
경보제약,3000.0,275.0,200.0,250.0,200.0,100.0,100.0,50.0,50.0
경인양행,50.0,50.0,50.0,50.0,50.0,50.0,50.0,50.0,50.0
경인전자,,,,,,,,,
경창산업,80.0,50.0,70.0,0.0,0.0,0.0,0.0,0.0,0.0
계룡건설,,,,,,,,,
계양전기,45.0,55.0,65.0,55.0,60.0,35.0,35.0,35.0,25.0
고려산업,45.0,30.0,30.0,35.0,30.0,30.0,35.0,40.0,25.0
고려시멘트,,,,,,,,,
고려신용정보,75.0,150.0,175.0,200.0,220.0,250.0,275.0,300.0,330.0
고려아연,6500.0,8500.0,8500.0,10000.0,11000.0,14000.0,15000.0,20000.0,20000.0
고려제강,350.0,350.0,350.0,350.0,350.0,350.0,300.0,300.0,300.0
고려제약,70.0,70.0,100.0,90.0,100.0,100.0,150.0,170.0,180.0
고바이오랩,,,,,,,0.0,0.0,0.0
골드앤에스,0.0,0.0,0.0,0.0,0.0,0.0,0.0,0.0,0.0
골드퍼시픽,0.0,0.0,0.0,0.0,0.0,0.0,0.0,0.0,0.0
골든센츄리,0.0,0.0,82.0,52.0,0.0,3.0,0.0,0.0,0.0
골프존뉴딘홀딩스,500.0,580.0,117.0,117.0,117.0,117.0,117.0,140.0,163.0
공구우먼,,,,,,,0.0,2400.0,180.0
광동제약,80.0,80.0,80.0,80.0,80.0,80.0,100.0,100.0,100.0
광림,,,,,,,,,
광명전기,0.0,0.0,0.0,0.0,0.0,15.0,15.0,10.0,10.0
광무,0.0,0.0,0.0,0.0,0.0,0.0,0.0,0.0,0.0
광전자,0.0,0.0,0.0,50.0,50.0,50.0,0.0,50.0,50.0
광주신세계,1250.0,1250.0,1250.0,1250.0,3000.0,3500.0,3500.0,8500.0,2200.0
광진실업,25.0,0.0,0.0,0.0,25.0,0.0,0.0,0.0,0.0
교보증권,100.0,150.0,170.0,300.0,350.0,400.0,450.0,500.0,200.0
교촌에프앤비,,,,,,,200.0,300.0,200.0
구영테크,0.0,100.0,0.0,50.0,30.0,30.0,30.0,30.0,30.0
국도화학,1000.0,1500.0,1200.0,1500.0,1500.0,1500.0,1200.0,2200.0,1400.0
국동,0.0,0.0,0.0,0.0,0.0,0.0,50.0,0.0,0.0
국보,0.0,0.0,0.0,0.0,0.0,0.0,0.0,0.0,0.0
국보디자인,250.0,250.0,250.0,280.0,280.0,300.0,320.0,340.0,400.0
국순당,50.0,50.0,50.0,170.0,260.0,100.0,160.0,260.0,210.0
국영지앤엠,0.0,0.0,0.0,0.0,15.0,0.0,15.0,0.0,0.0
국일신동,25.0,50.0,50.0,75.0,50.0,50.0,30.0,50.0,50.0
국일제지,0.0,0.0,0.0,0.0,0.0,0.0,0.0,0.0,0.0
국전약품,,,,,,,,,
국제약품,10.0,0.0,10.0,10.0,30.0,0.0,0.0,0.0,0.0
그래디언트,30.0,30.0,50.0,50.0,50.0,70.0,20.0,50.0,200.0
그리티,,,,232.0,180.0,30.0,30.0,0.0,30.0
그린케미칼,160.0,160.0,160.0,410.0,160.0,170.0,210.0,220.0,230.0
그린플러스,0.0,0.0,0.0,0.0,0.0,0.0,0.0,0.0,0.0
극동유화,700.0,1000.0,115.0,160.0,160.0,160.0,140.0,160.0,200.0
글로벌에스엠,0.0,0.0,0.0,0.0,0.0,0.0,0.0,0.0,0.0
글로벌텍스프리,,,,,,,,,
글로본,0.0,0.0,0.0,0.0,0.0,0.0,0.0,0.0,0.0
금강공업,400.0,400.0,500.0,500.0,500.0,80.0,40.0,100.0,120.0
금강철강,100.0,100.0,100.0,100.0,100.0,100.0,100.0,120.0,120.0
금비,1000.0,1500.0,1800.0,1500.0,1700.0,1700.0,1300.0,1600.0,1300.0
금양,60.0,60.0,0.0,0.0,80.0,0.0,0.0,0.0,0.0
금양그린파워,,,,,,,145.0,149.0,339.0
금호건설,,,,,,,,,
금호석유,,,,,,,,,
금호에이치티,118.0,125.0,100.0,75.0,0.0,0.0,0.0,0.0,0.0
금호전기,0.0,0.0,0.0,0.0,0.0,0.0,0.0,0.0,0.0
금호타이어,0.0,0.0,0.0,0.0,0.0,0.0,0.0,0.0,0.0
금화피에스시,900.0,900.0,900.0,900.0,1300.0,1300.0,1300.0,1300.0,1300.0
기가레인,,,,,,,,,
기산텔레콤,0.0,0.0,0.0,0.0,0.0,0.0,0.0,0.0,0.0
기신정기,200.0,200.0,150.0,150.0,150.0,150.0,150.0,150.0,150.0
기아,,,,,,,,,
기업은행,430.0,450.0,480.0,617.0,690.0,670.0,471.0,780.0,960.0
까뮤이앤씨,150.0,150.0,150.0,200.0,20.0,30.0,20.0,20.0,20.0
까스텔바작,,,,0.0,0.0,0.0,0.0,0.0,0.0
깨끗한나라,0.0,0.0,0.0,0.0,0.0,0.0,100.0,0.0,0.0
꿈비,,,,,,,120.0,0.0,0.0
나노,,,,,,,,,
나노브릭,,,,0.0,0.0,0.0,0.0,0.0,0.0
나노신소재,0.0,0.0,0.0,130.0,140.0,120.0,100.0,120.0,250.0
나노씨엠에스,,,,,,,0.0,0.0,0.0
나노엔텍,0.0,0.0,0.0,0.0,0.0,0.0,0.0,0.0,0.0
나노캠텍,0.0,0.0,0.0,0.0,0.0,0.0,0.0,0.0,0.0
나노팀,,,,,,,0.0,0.0,0.0
나라엠앤디,120.0,110.0,100.0,80.0,70.0,60.0,50.0,50.0,70.0
나래나노텍,,,,,,,100.0,200.0,100.0
나무가,0.0,0.0,0.0,0.0,0.0,0.0,0.0,0.0,0.0
나무기술,0.0,1176.0,0.0,,,,,,
나스미디어,290.0,360.0,390.0,690.0,530.0,660.0,800.0,800.0,700.0
나우IB,,,,0.0,150.0,150.0,150.0,150.0,180.0
나이벡,0.0,0.0,0.0,0.0,0.0,0.0,0.0,0.0,0.0
나이스디앤비,71.0,84.0,84.0,96.0,150.0,175.0,200.0,230.0,182.0
나이스정보통신,240.0,300.0,350.0,350.0,420.0,460.0,460.0,590.0,650.0
나인테크,,,,,,,,,
남광토건,0.0,0.0,0.0,0.0,0.0,0.0,0.0,0.0,0.0
남선알미늄,0.0,0.0,0.0,0.0,0.0,0.0,0.0,0.0,0.0
남성,,,,,,,,,
남양유업,1000.0,1000.0,1000.0,1000.0,1000.0,1000.0,1000.0,1000.0,1000.0
남해화학,60.0,60.0,45.0,80.0,50.0,60.0,80.0,60.0,100.0
남화산업,,,,5000.0,40.0,50.0,100.0,200.0,300.0
남화토건,100.0,70.0,100.0,100.0,70.0,70.0,100.0,150.0,200.0
내츄럴엔도텍,0.0,0.0,0.0,0.0,0.0,0.0,0.0,0.0,0.0
네오리진,0.0,0.0,0.0,0.0,0.0,0.0,0.0,0.0,0.0
네오셈,,,,,,,,,
네오오토,0.0,0.0,150.0,80.0,60.0,50.0,50.0,70.0,100.0
네오위즈,0.0,0.0,0.0,0.0,0.0,0.0,0.0,0.0,0.0
네오위즈홀딩스,0.0,330.0,0.0,0.0,0.0,123.0,0.0,692.0,0.0
네오이뮨텍,,,,,,,0.0,0.0,0.0
네오크레마,,,,0.0,0.0,0.0,0.0,0.0,0.0
네오티스,350.0,350.0,350.0,350.0,250.0,250.0,250.0,250.0,250.0
네오팜,250.0,250.0,350.0,500.0,650.0,750.0,650.0,700.0,700.0
네오펙트,,,,0.0,0.0,0.0,0.0,0.0,0.0
네온테크,,,,,,,,,
네이블,,,,,,,,,
네이처셀,0.0,0.0,0.0,0.0,0.0,0.0,0.0,0.0,0.0
네패스,0.0,50.0,0.0,100.0,100.0,270.0,0.0,0.0,0.0
네패스아크,,,,,,,0.0,0.0,0.0
넥센,,,,,,,,,
넥센타이어,75.0,80.0,100.0,100.0,100.0,105.0,105.0,105.0,100.0
넥스턴바이오,100.0,60.0,150.0,200.0,100.0,100.0,0.0,0.0,0.0
넥스트아이,50.0,50.0,75.0,75.0,6.0,0.0,0.0,0.0,0.0
넥스트칩,,,,,,,0.0,0.0,0.0
넥슨게임즈,0.0,0.0,0.0,0.0,0.0,0.0,0.0,0.0,0.0
넵튠,,,,,,,,,
넷마블,,,,,,,,,
노랑풍선,,,,0.0,370.0,200.0,0.0,0.0,0.0
노루페인트,200.0,200.0,200.0,250.0,250.0,275.0,275.0,275.0,275.0
노루홀딩스,400.0,400.0,450.0,450.0,450.0,400.0,450.0,450.0,500.0
노바렉스,100.0,150.0,150.0,200.0,200.0,200.0,300.0,300.0,150.0
노바텍,,,,0.0,0.0,242.0,300.0,150.0,200.0
노블엠앤비,0.0,0.0,0.0,0.0,0.0,0.0,0.0,0.0,0.0
노을,,,,,,,0.0,0.0,0.0
녹십자,1250.0,1750.0,1250.0,1250.0,1000.0,1000.0,1500.0,2000.0,1750.0
녹십자엠에스,50.0,0.0,0.0,0.0,0.0,0.0,0.0,0.0,0.0
녹십자웰빙,,,,75.0,75.0,80.0,50.0,80.0,100.0
녹십자홀딩스,300.0,300.0,300.0,300.0,250.0,325.0,500.0,400.0,300.0
녹원씨엔아이,,,,,,,,,
농심,4000.0,4000.0,4000.0,4000.0,4000.0,4000.0,4000.0,4000.0,5000.0
농심홀딩스,2000.0,2000.0,2000.0,2000.0,2000.0,2000.0,2000.0,2000.0,2500.0
농우바이오,250.0,0.0,0.0,200.0,350.0,200.0,200.0,200.0,200.0
누리플랜,0.0,0.0,0.0,0.0,0.0,0.0,0.0,0.0,0.0
누리플렉스,0.0,0.0,0.0,0.0,50.0,50.0,0.0,0.0,0.0
누보,,,,,,,,,
뉴로메카,,,,,,,0.0,0.0,0.0
뉴보텍,0.0,0.0,0.0,0.0,0.0,0.0,0.0,0.0,0.0
뉴인텍,0.0,0.0,0.0,0.0,0.0,0.0,0.0,0.0,0.0
뉴지랩파마,0.0,50.0,0.0,0.0,0.0,0.0,0.0,0.0,0.0
뉴트리,,,,200.0,100.0,150.0,250.0,250.0,250.0
뉴파워프라즈마,0.0,0.0,130.0,280.0,0.0,0.0,50.0,50.0,50.0
뉴프렉스,0.0,0.0,0.0,0.0,60.0,0.0,0.0,0.0,0.0
다날,0.0,0.0,0.0,0.0,0.0,0.0,0.0,0.0,0.0
다보링크,,,,,,,,,
다산네트웍스,0.0,0.0,0.0,0.0,0.0,0.0,0.0,0.0,0.0
다산솔루에타,0.0,0.0,0.0,0.0,0.0,0.0,0.0,0.0,0.0
다스코,,,,,,,,,
다올투자증권,0.0,0.0,0.0,0.0,0.0,150.0,150.0,250.0,150.0
다우기술,130.0,150.0,250.0,300.0,350.0,400.0,500.0,600.0,600.0
다우데이타,110.0,100.0,100.0,130.0,160.0,180.0,250.0,300.0,300.0
다원시스,50.0,50.0,50.0,50.0,50.0,100.0,100.0,50.0,0.0
다이나믹디자인,0.0,0.0,100.0,0.0,0.0,0.0,0.0,0.0,0.0
대교,,,,,,,,,
대구백화점,600.0,600.0,400.0,200.0,150.0,100.0,100.0,100.0,50.0
대덕,,,,,,,,,
대덕전자,,,,,,,300.0,300.0,400.0
대동,,,,,,,,,
대동금속,,,,,,,,,
대동기어,300.0,300.0,200.0,250.0,250.0,25.0,40.0,40.0,40.0
대동스틸,0.0,0.0,0.0,70.0,50.0,30.0,30.0,50.0,30.0
대동전자,,,,,,,,,
대륙제관,60.0,90.0,120.0,100.0,80.0,100.0,150.0,100.0,100.0
대림B&Co,,,,,,,,,
대림제지,50.0,0.0,0.0,0.0,0.0,0.0,75.0,100.0,100.0
대림통상,150.0,150.0,150.0,150.0,150.0,140.0,0.0,0.0,30.0
대명소노시즌,0.0,0.0,0.0,0.0,0.0,0.0,0.0,0.0,0.0
대명에너지,,,,,,,0.0,0.0,0.0
대모,,,,5050.0,5100.0,70.0,40.0,180.0,90.0
대보마그네틱,,,,0.0,0.0,0.0,0.0,0.0,0.0
대봉엘에스,50.0,50.0,50.0,50.0,50.0,50.0,50.0,50.0,50.0
대상,300.0,400.0,400.0,500.0,550.0,600.0,700.0,800.0,800.0
대상홀딩스,170.0,170.0,170.0,180.0,190.0,200.0,220.0,240.0,270.0
대성미생물,850.0,1000.0,1000.0,850.0,85.0,85.0,85.0,75.0,75.0
대성산업,,,,,,,,,
대성에너지,250.0,250.0,250.0,250.0,250.0,250.0,250.0,250.0,250.0
대성창투,30.0,30.0,30.0,0.0,0.0,0.0,0.0,0.0,0.0
대성파인텍,110.0,120.0,0.0,0.0,0.0,0.0,0.0,0.0,0.0
대성하이텍,,,,,,,,,
대성홀딩스,,,,,,,,,
대신정보통신,0.0,15.0,15.0,15.0,10.0,10.0,10.0,10.0,10.0
대신증권,250.0,500.0,550.0,610.0,620.0,1000.0,1200.0,1400.0,1200.0
대아티아이,0.0,0.0,0.0,20.0,20.0,20.0,20.0,0.0,0.0
대양금속,0.0,0.0,0.0,0.0,0.0,0.0,0.0,0.0,0.0
대양전기공업,0.0,0.0,0.0,0.0,0.0,200.0,200.0,100.0,0.0
대양제지,250.0,0.0,0.0,25.0,50.0,40.0,40.0,40.0,40.0
대영포장,0.0,0.0,0.0,0.0,0.0,0.0,0.0,0.0,0.0
대우건설,0.0,0.0,0.0,0.0,0.0,0.0,0.0,0.0,0.0
대우부품,0.0,0.0,0.0,0.0,0.0,0.0,0.0,0.0,0.0
대우조선해양,150.0,0.0,0.0,0.0,0.0,0.0,0.0,0.0,0.0
대웅,,,,,,,,,
대웅제약,800.0,700.0,700.0,600.0,600.0,600.0,600.0,600.0,600.0
대원,,,,,,,,,
대원강업,120.0,125.0,125.0,115.0,115.0,115.0,100.0,100.0,100.0
대원미디어,0.0,0.0,0.0,0.0,100.0,0.0,0.0,0.0,100.0
대원산업,,,,,,,,,
대원전선,0.0,0.0,0.0,0.0,0.0,0.0,0.0,0.0,0.0
대원제약,150.0,200.0,260.0,260.0,260.0,260.0,160.0,200.0,350.0
대원화성,,,,,,,,,
대유,,,,,,,,,
대유에이텍,,,,,,,,,
대유에이피,,,,0.0,200.0,200.0,200.0,200.0,200.0
대유플러스,,,,,,,,,
대정화금,250.0,250.0,250.0,270.0,300.0,300.0,300.0,300.0,400.0
대주산업,0.0,25.0,25.0,30.0,30.0,30.0,35.0,30.0,35.0
대주전자재료,0.0,0.0,0.0,0.0,0.0,0.0,50.0,100.0,100.0
대창,0.0,0.0,0.0,25.0,30.0,10.0,0.0,30.0,0.0
대창단조,2000.0,1300.0,1300.0,1000.0,1000.0,1100.0,180.0,270.0,200.0
대창솔루션,30.0,30.0,0.0,0.0,0.0,0.0,0.0,0.0,0.0
대창스틸,,,,,,,,,
대한과학,0.0,25.0,40.0,50.0,60.0,60.0,60.0,60.0,60.0
대한광통신,0.0,0.0,0.0,0.0,0.0,0.0,0.0,0.0,0.0
대한뉴팜,0.0,0.0,50.0,0.0,0.0,0.0,0.0,80.0,100.0
대한방직,0.0,0.0,0.0,0.0,300.0,0.0,0.0,0.0,0.0
대한약품,150.0,180.0,220.0,300.0,300.0,400.0,400.0,400.0,650.0
대한유화,1500.0,3000.0,4000.0,4000.0,4000.0,2500.0,3000.0,3500.0,1000.0
대한전선,0.0,0.0,0.0,0.0,0.0,0.0,0.0,0.0,0.0
대한제강,100.0,250.0,330.0,300.0,150.0,200.0,300.0,400.0,780.0
대한제당,550.0,450.0,650.0,550.0,550.0,675.0,900.0,110.0,120.0
대한제분,2500.0,2000.0,2000.0,2000.0,2500.0,2000.0,2000.0,2500.0,2500.0
대한항공,0.0,0.0,0.0,250.0,250.0,0.0,0.0,0.0,750.0
대한해운,,,,,,,,,
대한화섬,0.0,0.0,0.0,825.0,750.0,410.0,410.0,750.0,750.0
대현,,,,,,,,,
대호에이엘,0.0,0.0,0.0,0.0,0.0,0.0,0.0,0.0,0.0
대호특수강,0.0,0.0,0.0,0.0,0.0,0.0,0.0,0.0,0.0
대화제약,100.0,100.0,100.0,150.0,150.0,150.0,150.0,150.0,150.0
더네이쳐홀딩스,,,,,,,400.0,200.0,400.0
더메디팜,0.0,0.0,0.0,0.0,0.0,0.0,0.0,0.0,0.0
더블유게임즈,0.0,0.0,650.0,350.0,350.0,350.0,350.0,700.0,600.0
더블유씨피,,,,,,,0.0,0.0,0.0
더블유에스아이,,,,,,,,,
더존비즈온,200.0,220.0,290.0,400.0,450.0,470.0,450.0,450.0,123.0
더코디,0.0,0.0,0.0,0.0,0.0,0.0,0.0,0.0,0.0
덕산테코피아,,,,0.0,0.0,0.0,0.0,0.0,0.0
덕산하이메탈,0.0,0.0,0.0,0.0,0.0,0.0,0.0,0.0,0.0
덕성,,,,,,,,,
덕신하우징,120.0,0.0,0.0,0.0,30.0,0.0,0.0,0.0,20.0
덕양산업,40.0,20.0,0.0,0.0,20.0,0.0,0.0,0.0,0.0
덕우전자,,,,0.0,200.0,140.0,140.0,70.0,70.0
데브시스터즈,0.0,0.0,0.0,0.0,0.0,0.0,0.0,500.0,0.0
데이타솔루션,,,,,,,,,
덱스터,0.0,0.0,0.0,0.0,0.0,0.0,0.0,0.0,0.0
덴티스,,,,0.0,0.0,0.0,,,
덴티움,70.0,100.0,100.0,150.0,150.0,0.0,200.0,250.0,300.0
도이치모터스,,,,,,,,,
도화엔지니어링,100.0,150.0,170.0,190.0,220.0,250.0,280.0,280.0,280.0
동구바이오제약,,,,0.0,0.0,100.0,100.0,100.0,110.0
동국S&C,70.0,100.0,120.0,100.0,80.0,100.0,100.0,100.0,0.0
동국산업,120.0,140.0,150.0,150.0,130.0,130.0,130.0,130.0,130.0
동국알앤에스,0.0,0.0,0.0,80.0,80.0,80.0,80.0,80.0,80.0
동국제강,0.0,0.0,150.0,100.0,0.0,0.0,200.0,400.0,500.0
동남합성,200.0,200.0,200.0,200.0,3400.0,200.0,9900.0,4300.0,875.0
동방,,,,,,,,,
동방선기,0.0,0.0,0.0,0.0,0.0,0.0,0.0,0.0,0.0
동방아그로,200.0,220.0,250.0,250.0,250.0,250.0,370.0,350.0,250.0
동부건설,,,,,,,,,
동서,,,,,,,,,
동성제약,0.0,0.0,0.0,0.0,0.0,0.0,0.0,0.0,0.0
동성케미컬,170.0,200.0,200.0,200.0,200.0,200.0,250.0,200.0,200.0
동성화인텍,130.0,130.0,130.0,0.0,0.0,220.0,350.0,350.0,350.0
동신건설,100.0,100.0,100.0,100.0,150.0,0.0,150.0,150.0,150.0
동아쏘시오홀딩스,1000.0,1000.0,1000.0,1000.0,1000.0,1000.0,1000.0,1500.0,1500.0
동아에스티,750.0,1000.0,500.0,500.0,1000.0,1000.0,1000.0,1000.0,700.0
동아엘텍,80.0,130.0,130.0,200.0,150.0,0.0,150.0,150.0,200.0
동아지질,175.0,175.0,200.0,200.0,200.0,200.0,75.0,350.0,500.0
동아타이어,,,,0.0,300.0,500.0,800.0,1000.0,1000.0
동아화성,80.0,60.0,100.0,50.0,50.0,50.0,120.0,150.0,120.0
동양,0.0,100.0,50.0,50.0,50.0,40.0,40.0,40.0,40.0
동양고속,1250.0,1750.0,200.0,800.0,1000.0,4700.0,500.0,0.0,0.0
동양생명,550.0,620.0,200.0,360.0,100.0,230.0,220.0,620.0,0.0
동양에스텍,100.0,100.0,100.0,150.0,100.0,100.0,100.0,50.0,50.0
동양이엔피,300.0,300.0,300.0,300.0,300.0,300.0,400.0,300.0,300.0
동양철관,0.0,0.0,0.0,0.0,0.0,0.0,0.0,0.0,0.0
동양파일,0.0,0.0,250.0,150.0,0.0,0.0,0.0,0.0,0.0
동양피스톤,,,,100.0,120.0,120.0,60.0,60.0,60.0
동우팜투테이블,0.0,50.0,0.0,50.0,50.0,0.0,0.0,0.0,0.0
동운아나텍,100.0,140.0,30.0,20.0,20.0,50.0,20.0,20.0,0.0
동원F&B,0.0,0.0,0.0,2500.0,3000.0,3000.0,3500.0,3500.0,3500.0
동원개발,,,,,,,,,
동원금속,50.0,100.0,100.0,0.0,0.0,0.0,0.0,0.0,0.0
동원산업,,,,,,,,,
동원수산,0.0,0.0,0.0,0.0,0.0,0.0,0.0,0.0,250.0
동원시스템즈,250.0,250.0,250.0,250.0,500.0,500.0,600.0,600.0,600.0
동일고무벨트,60.0,60.0,80.0,80.0,90.0,100.0,100.0,80.0,120.0
동일금속,140.0,160.0,100.0,140.0,230.0,280.0,300.0,250.0,400.0
동일기연,,,,,,,,,
동일산업,,,,,,,,,
동일제강,0.0,20.0,20.0,10.0,0.0,10.0,0.0,20.0,10.0
동일철강,,,,,,,,,
동진쎄미켐,60.0,60.0,60.0,90.0,90.0,90.0,100.0,110.0,130.0
동화기업,,,,,,,,,
동화약품,80.0,80.0,110.0,150.0,120.0,120.0,180.0,180.0,180.0
두산,4000.0,4550.0,5100.0,5100.0,5200.0,5200.0,2000.0,2000.0,2000.0
두산밥캣,0.0,0.0,700.0,800.0,900.0,1200.0,0.0,1200.0,1350.0
두산에너빌리티,750.0,850.0,550.0,0.0,0.0,0.0,0.0,0.0,0.0
두산테스나,120.0,0.0,0.0,150.0,170.0,200.0,130.0,160.0,160.0
두산퓨얼셀,,,,0.0,0.0,0.0,0.0,0.0,0.0
두올,0.0,0.0,115.0,100.0,80.0,80.0,80.0,80.0,80.0
듀오백,0.0,0.0,0.0,0.0,0.0,0.0,0.0,0.0,0.0
드래곤플라이,,,,,,,,,
드림시큐리티,,,,,,,,,
드림씨아이에스,,,,,,,0.0,0.0,0.0
드림어스컴퍼니,0.0,0.0,0.0,0.0,0.0,0.0,0.0,0.0,0.0
드림텍,,,,,,,,,
디딤이앤에프,0.0,0.0,0.0,0.0,0.0,0.0,0.0,0.0,0.0
디모아,,,,,,,,,
디바이스이엔지,,,,140.0,185.0,0.0,600.0,450.0,210.0
디스플레이텍,150.0,100.0,50.0,100.0,100.0,100.0,80.0,80.0,50.0
디씨엠,,,,,,,,,
디아이,,,,,,,,,
디아이씨,,,,,,,,,
디아이티,,,,100.0,120.0,200.0,0.0,0.0,300.0
디아크,0.0,0.0,0.0,0.0,0.0,0.0,0.0,0.0,0.0
디알젬,,,,80.0,50.0,50.0,200.0,140.0,317.0
디알텍,,,,,,,,,
디앤디플랫폼리츠,,,,,,,107.0,81.0,151.0
디앤씨미디어,,,,0.0,0.0,0.0,0.0,0.0,0.0
디어유,,,,,,,0.0,0.0,0.0
디에스앤엘,0.0,0.0,0.0,0.0,0.0,0.0,0.0,0.0,0.0
디에스케이,,,,,,,,,
디에이테크놀로지,50.0,50.0,100.0,50.0,0.0,0.0,0.0,0.0,0.0
디에이피,0.0,0.0,0.0,0.0,0.0,0.0,0.0,0.0,0.0
디엔에이링크,0.0,0.0,0.0,0.0,0.0,0.0,0.0,0.0,0.0
디엔에프,0.0,0.0,0.0,300.0,200.0,0.0,200.0,200.0,200.0
디오,0.0,0.0,0.0,0.0,0.0,0.0,0.0,0.0,0.0
디와이,,,,,,,,,
디와이디,0.0,0.0,0.0,168.0,0.0,0.0,0.0,0.0,0.0
디와이씨,,,,,,,,,
디와이파워,0.0,100.0,120.0,180.0,200.0,200.0,220.0,300.0,250.0
디와이피엔에프,120.0,120.0,100.0,0.0,150.0,350.0,420.0,100.0,100.0
디이엔티,0.0,0.0,0.0,0.0,0.0,0.0,0.0,0.0,0.0
디젠스,0.0,25.0,0.0,0.0,0.0,0.0,0.0,0.0,0.0
디지아이,50.0,50.0,50.0,50.0,0.0,0.0,0.0,0.0,0.0
디지캡,0.0,0.0,0.0,0.0,0.0,70.0,30.0,0.0,30.0
디지털대성,160.0,160.0,160.0,200.0,200.0,300.0,300.0,300.0,200.0
디지틀조선,40.0,40.0,40.0,40.0,40.0,30.0,20.0,20.0,20.0
디케이락,200.0,150.0,100.0,100.0,150.0,200.0,150.0,200.0,200.0
디케이앤디,,,,0.0,0.0,0.0,0.0,50.0,50.0
디케이티,,,,,,,,,
디티앤씨,0.0,0.0,0.0,0.0,0.0,0.0,0.0,0.0,0.0
디티앤씨알오,,,,,,,0.0,0.0,0.0
딜리,50.0,60.0,50.0,50.0,35.0,40.0,40.0,40.0,40.0
딥노이드,,,,,,,0.0,0.0,0.0
라닉스,,,,0.0,0.0,0.0,0.0,0.0,0.0
라온시큐어,0.0,0.0,0.0,0.0,0.0,0.0,0.0,0.0,0.0
라온테크,,,,,,,,,
라온텍,,,,,,,0.0,0.0,0.0
라온피플,,,,0.0,0.0,150.0,100.0,0.0,50.0
라이온켐텍,100.0,200.0,200.0,300.0,200.0,150.0,200.0,200.0,200.0
라이콤,,,,,,,,,
라이트론,0.0,0.0,0.0,0.0,0.0,0.0,0.0,0.0,0.0
라이프시맨틱스,,,,,,,0.0,0.0,0.0
라파스,0.0,0.0,0.0,0.0,0.0,0.0,0.0,0.0,0.0
락앤락,150.0,200.0,500.0,130.0,80.0,0.0,0.0,0.0,1953.0
래몽래인,0.0,0.0,0.0,0.0,0.0,0.0,0.0,0.0,0.0
램테크놀러지,0.0,0.0,0.0,0.0,0.0,0.0,0.0,0.0,0.0
랩지노믹스,0.0,0.0,0.0,0.0,0.0,0.0,0.0,300.0,0.0
러셀,,,,,,,,,
레드캡투어,600.0,600.0,600.0,600.0,800.0,800.0,600.0,800.0,900.0
레몬,,,,0.0,0.0,0.0,0.0,0.0,0.0
레이,,,,0.0,0.0,0.0,0.0,0.0,0.0
레이언스,0.0,0.0,300.0,100.0,100.0,300.0,100.0,100.0,300.0
레이저쎌,,,,,,,0.0,0.0,0.0
레이크머티리얼즈,,,,,,,,,
레인보우로보틱스,,,,,,,0.0,0.0,0.0
로보로보,,,,,,,,,
로보스타,0.0,70.0,50.0,50.0,50.0,0.0,0.0,0.0,0.0
로보티즈,,,,0.0,0.0,0.0,0.0,0.0,0.0
로스웰,0.0,0.0,0.0,54.0,0.0,0.0,0.0,0.0,0.0
로지시스,185.0,60.0,60.0,80.0,100.0,60.0,100.0,150.0,60.0
로체시스템즈,0.0,0.0,50.0,20.0,0.0,0.0,0.0,20.0,50.0
롯데관광개발,0.0,0.0,0.0,0.0,0.0,0.0,0.0,0.0,0.0
롯데렌탈,0.0,0.0,0.0,0.0,0.0,180.0,300.0,900.0,900.0
롯데리츠,,,,0.0,21.0,96.0,139.0,159.0,163.0
롯데손해보험,0.0,0.0,10.0,20.0,0.0,0.0,0.0,0.0,0.0
롯데쇼핑,2000.0,2000.0,2000.0,5200.0,5200.0,3800.0,2800.0,2800.0,3300.0
롯데에너지머티리얼즈,0.0,0.0,50.0,650.0,0.0,50.0,200.0,300.0,300.0
롯데웰푸드,,,,280.0,1300.0,1300.0,1600.0,1600.0,2300.0
롯데정밀화학,300.0,500.0,300.0,800.0,1700.0,1700.0,1500.0,2300.0,3500.0
롯데정보통신,,,,0.0,650.0,700.0,700.0,700.0,700.0
롯데지주,520.0,1127.0,1130.0,0.0,800.0,1100.0,1000.0,1500.0,1500.0
롯데칠성,,,,,,,,,
롯데케미칼,1000.0,2500.0,4000.0,10500.0,10500.0,6700.0,3600.0,8300.0,3500.0
롯데하이마트,330.0,430.0,500.0,1850.0,1700.0,1000.0,1200.0,1000.0,300.0
루닛,,,,,,,0.0,0.0,0.0
루멘스,,,,,,,,,
루트로닉,25.0,50.0,75.0,15.0,0.0,0.0,0.0,192.0,322.0
룽투코리아,0.0,0.0,0.0,0.0,0.0,0.0,0.0,0.0,0.0
리노스,50.0,50.0,30.0,0.0,0.0,0.0,0.0,0.0,0.0
리더스 기술투자,0.0,0.0,0.0,0.0,0.0,0.0,0.0,0.0,0.0
리더스코스메틱,0.0,0.0,0.0,0.0,0.0,0.0,0.0,0.0,0.0
리드코프,100.0,150.0,150.0,200.0,150.0,150.0,800.0,800.0,800.0
리메드,,,,0.0,0.0,0.0,0.0,0.0,0.0
리파인,,,,,,,0.0,0.0,0.0
린드먼아시아,,,,0.0,73.0,89.0,38.0,42.0,28.0
링네트,0.0,0.0,0.0,0.0,0.0,0.0,0.0,0.0,0.0
링크제니시스,0.0,0.0,0.0,0.0,0.0,0.0,0.0,0.0,0.0
마니커,0.0,0.0,0.0,0.0,0.0,0.0,0.0,0.0,0.0
마니커에프앤지,,,,0.0,0.0,0.0,0.0,0.0,0.0
마스턴프리미어리츠,,,,,,,0.0,0.0,111.0
마음AI,,,,,,,0.0,0.0,0.0
마이크로디지탈,,,,0.0,0.0,0.0,0.0,0.0,0.0
마이크로컨텍솔,160.0,80.0,20.0,0.0,0.0,0.0,25.0,30.0,80.0
마이크로투나노,,,,,,,,,
마크로젠,0.0,0.0,0.0,0.0,0.0,0.0,300.0,300.0,300.0
만호제강,150.0,150.0,150.0,150.0,150.0,200.0,200.0,200.0,250.0
매일홀딩스,125.0,125.0,250.0,100.0,120.0,140.0,140.0,150.0,150.0
매커스,0.0,80.0,100.0,120.0,120.0,100.0,100.0,120.0,120.0
맥스트,,,,,,,0.0,0.0,0.0
맥쿼리인프라,,,,,,,,,
맵스리얼티1,,,,,,,,,
머큐리,,,,0.0,0.0,0.0,0.0,0.0,0.0
멀티캠퍼스,250.0,250.0,250.0,500.0,500.0,600.0,500.0,600.0,800.0
메가스터디,2200.0,600.0,700.0,700.0,400.0,450.0,600.0,600.0,1050.0
메가엠디,0.0,0.0,100.0,50.0,50.0,50.0,100.0,150.0,0.0
메드팩토,,,,0.0,0.0,0.0,0.0,0.0,0.0
메디아나,0.0,0.0,0.0,50.0,0.0,0.0,50.0,27.0,50.0
메디앙스,0.0,10.0,0.0,0.0,0.0,0.0,0.0,0.0,0.0
메디콕스,0.0,0.0,0.0,0.0,0.0,0.0,0.0,0.0,0.0
메디톡스,1500.0,1700.0,2000.0,2200.0,900.0,800.0,1000.0,0.0,0.0
메디포스트,0.0,0.0,0.0,0.0,0.0,0.0,0.0,0.0,0.0
메디프론,0.0,0.0,0.0,0.0,0.0,0.0,0.0,0.0,0.0
메리츠금융지주,85.0,155.0,300.0,520.0,470.0,550.0,900.0,210.0,105.0
메쎄이상,,,,,,,,,
메이슨캐피탈,0.0,0.0,0.0,0.0,0.0,0.0,0.0,0.0,0.0
메지온,0.0,0.0,0.0,0.0,0.0,0.0,0.0,0.0,0.0
메카로,,,,610.0,575.0,160.0,0.0,160.0,455.0
메타랩스,0.0,0.0,0.0,0.0,0.0,0.0,0.0,0.0,0.0
메타바이오메드,10.0,10.0,10.0,10.0,10.0,10.0,10.0,20.0,20.0
멕아이씨에스,0.0,0.0,0.0,0.0,0.0,0.0,144.0,83.0,30.0
멜파스,0.0,0.0,0.0,0.0,0.0,0.0,0.0,0.0,0.0
명문제약,18.0,18.0,50.0,100.0,0.0,0.0,0.0,0.0,0.0
명성티엔에스,,,,0.0,0.0,0.0,0.0,0.0,0.0
명신산업,,,,,,,,,
모나리자,0.0,50.0,75.0,100.0,50.0,50.0,75.0,0.0,50.0
모나미,50.0,60.0,70.0,70.0,70.0,70.0,70.0,100.0,70.0
모다이노칩,200.0,100.0,0.0,0.0,0.0,0.0,0.0,0.0,0.0
모델솔루션,,,,,,,18386.0,0.0,300.0
모두투어,510.0,390.0,600.0,450.0,350.0,120.0,0.0,0.0,0.0
모두투어리츠,0.0,0.0,109.0,76.0,82.0,168.0,150.0,200.0,1572.0
모바일어플라이언스,0.0,0.0,0.0,0.0,0.0,0.0,0.0,0.0,0.0
모베이스,,,,,,,,,
모베이스전자,50.0,50.0,50.0,30.0,20.0,0.0,0.0,0.0,10.0
모비데이즈,,,,,,,,,
모비릭스,,,,,,,0.0,0.0,0.0
모비스,,,,,,,,,
모아데이타,,,,,,,0.0,0.0,0.0
모아텍,0.0,0.0,0.0,0.0,0.0,0.0,0.0,0.0,0.0
모코엠시스,,,,,,,,,
모토닉,250.0,280.0,250.0,350.0,300.0,300.0,400.0,400.0,400.0
모트렉스,,,,731.0,0.0,0.0,0.0,0.0,0.0
모헨즈,0.0,0.0,0.0,0.0,0.0,0.0,0.0,0.0,0.0
무림P&P,175.0,200.0,125.0,150.0,250.0,175.0,125.0,125.0,150.0
무림SP,35.0,35.0,30.0,35.0,35.0,35.0,25.0,25.0,15.0
무림페이퍼,0.0,0.0,0.0,25.0,50.0,50.0,50.0,25.0,50.0
무학,0.0,250.0,350.0,350.0,350.0,0.0,150.0,230.0,230.0
문배철강,50.0,50.0,50.0,50.0,50.0,50.0,50.0,75.0,50.0
미디어젠,0.0,0.0,0.0,0.0,0.0,0.0,0.0,0.0,0.0
미래나노텍,0.0,0.0,0.0,0.0,0.0,0.0,0.0,0.0,0.0
미래반도체,,,,,,,0.0,0.0,0.0
미래산업,,,,,,,,,
미래생명자원,0.0,0.0,0.0,0.0,0.0,0.0,0.0,0.0,0.0
미래아이앤지,0.0,0.0,0.0,0.0,0.0,0.0,0.0,0.0,0.0
미래에셋글로벌리츠,,,,,,,0.0,0.0,42.0
미래에셋맵스리츠,,,,,,,153.0,121.0,150.0
미래에셋벤처투자,,,,0.0,0.0,185.0,155.0,83.0,0.0
미래에셋생명,710.0,710.0,710.0,710.0,710.0,710.0,710.0,0.0,0.0
미래에셋증권,,,,,,,,,
미래컴퍼니,0.0,100.0,170.0,400.0,300.0,220.0,0.0,100.0,300.0
미스터블루,,,,,,,,,
미원상사,0.0,0.0,0.0,0.0,770.0,654.0,700.0,6000.0,1500.0
미원에스씨,,,,500.0,1200.0,1700.0,1700.0,2100.0,2300.0
미원홀딩스,2500.0,2500.0,5500.0,0.0,400.0,400.0,500.0,500.0,700.0
미원화학,400.0,1250.0,1000.0,1000.0,1000.0,1000.0,2500.0,2500.0,2500.0
미창석유,,,,,,,,,
미코,,,,,,,,,
미코바이오메드,,,,,,,,,
미투온,0.0,0.0,0.0,0.0,0.0,0.0,65.0,0.0,0.0
미투젠,,,,,,,1152.0,945.0,1307.0
바다로19호,228.0,863.0,1247.0,350.0,350.0,350.0,350.0,350.0,350.0
바디텍메드,,,,,,,,,
바른손,0.0,0.0,0.0,0.0,0.0,0.0,0.0,0.0,0.0
바른손이앤에이,0.0,0.0,0.0,0.0,0.0,0.0,0.0,0.0,0.0
바이넥스,0.0,0.0,0.0,0.0,0.0,0.0,0.0,0.0,0.0
바이브컴퍼니,,,,,,,0.0,0.0,0.0
바이오노트,,,,,,,8544.0,534.0,490.0
바이오니아,0.0,0.0,0.0,0.0,0.0,0.0,0.0,0.0,0.0
바이오다인,,,,,,,0.0,0.0,0.0
바이오로그디바이스,0.0,0.0,0.0,0.0,0.0,0.0,0.0,0.0,0.0
바이오솔루션,0.0,0.0,0.0,0.0,0.0,0.0,0.0,0.0,0.0
바이오스마트,0.0,0.0,0.0,0.0,0.0,63.0,0.0,0.0,0.0
바이오에프디엔씨,,,,,,,0.0,0.0,0.0
바이오인프라,,,,,,,0.0,0.0,0.0
바이오톡스텍,0.0,0.0,0.0,0.0,0.0,0.0,0.0,0.0,0.0
바이오플러스,,,,0.0,0.0,0.0,0.0,0.0,70.0
바이온,0.0,0.0,0.0,0.0,0.0,0.0,0.0,0.0,0.0
바이옵트로,0.0,0.0,0.0,0.0,0.0,0.0,0.0,0.0,0.0
바이젠셀,,,,,,,0.0,0.0,0.0
바텍,100.0,100.0,100.0,100.0,100.0,100.0,100.0,100.0,100.0
박셀바이오,,,,,,,0.0,0.0,0.0
방림,,,,,,,,,
배럴,,,,0.0,0.0,0.0,0.0,0.0,0.0
백광산업,0.0,0.0,0.0,25.0,50.0,75.0,50.0,50.0,60.0
백금T&A,0.0,0.0,0.0,0.0,50.0,50.0,0.0,0.0,0.0
백산,60.0,60.0,90.0,100.0,100.0,100.0,100.0,100.0,150.0
밸로프,,,,,,,,,
버킷스튜디오,0.0,0.0,0.0,0.0,0.0,0.0,0.0,0.0,0.0
범양건영,0.0,0.0,0.0,0.0,0.0,0.0,0.0,0.0,0.0
범한퓨얼셀,,,,,,,0.0,0.0,0.0
베노홀딩스,0.0,0.0,0.0,0.0,0.0,0.0,0.0,0.0,0.0
베뉴지,300.0,300.0,300.0,300.0,300.0,30.0,30.0,30.0,30.0
베셀,,,,,,,,,
베스파,,,,0.0,0.0,0.0,0.0,0.0,0.0
벨로크,,,,,,,,,
벽산,,,,,,,,,
보광산업,,,,,,,,,
보라티알,,,,0.0,150.0,150.0,150.0,200.0,300.0
보락,70.0,30.0,70.0,7.0,5.0,5.0,4.0,5.0,7.0
보령,200.0,200.0,200.0,800.0,60.0,100.0,100.0,100.0,100.0
보로노이,,,,,,,0.0,0.0,0.0
보성파워텍,0.0,0.0,0.0,0.0,0.0,0.0,0.0,0.0,0.0
보해양조,0.0,0.0,0.0,0.0,0.0,0.0,0.0,0.0,0.0
본느,0.0,0.0,0.0,,,,,,
부광약품,500.0,700.0,500.0,200.0,200.0,200.0,100.0,100.0,0.0
부국증권,1000.0,1200.0,1200.0,1200.0,1200.0,1200.0,1200.0,1600.0,1500.0
부국철강,,,,,,,,,
부방,,,,,,,,,
부산산업,250.0,250.0,250.0,250.0,250.0,250.0,250.0,250.0,250.0
부산주공,15.0,0.0,0.0,0.0,0.0,0.0,0.0,0.0,0.0
부스타,90.0,100.0,100.0,90.0,55.0,90.0,120.0,60.0,50.0
뷰노,,,,,,,0.0,0.0,0.0
뷰웍스,100.0,100.0,200.0,200.0,300.0,400.0,450.0,750.0,700.0
브랜드엑스코퍼레이션,,,,,,,110.0,100.0,120.0
브레인즈컴퍼니,,,,,,,0.0,120.0,60.0
브리지텍,120.0,160.0,200.0,100.0,100.0,100.0,100.0,120.0,150.0
브릿지바이오테라퓨틱스,,,,,,,,,
브이씨,,,,,,,0.0,0.0,0.0
브이원텍,,,,0.0,200.0,100.0,100.0,100.0,100.0
브이티지엠피,0.0,0.0,0.0,0.0,0.0,0.0,0.0,0.0,0.0
블레이드 Ent,0.0,0.0,0.0,0.0,0.0,0.0,0.0,0.0,0.0
블루콤,,,,,,,,,
블리츠웨이,,,,,,,,,
비나텍,33.0,28.0,18.0,0.0,0.0,0.0,0.0,0.0,0.0
비덴트,0.0,0.0,0.0,0.0,0.0,0.0,0.0,0.0,0.0
비디아이,0.0,0.0,0.0,130.0,0.0,0.0,0.0,0.0,0.0
비보존 제약,0.0,0.0,0.0,0.0,0.0,0.0,0.0,0.0,0.0
비비씨,,,,,,,0.0,0.0,200.0
비비안,200.0,200.0,200.0,200.0,200.0,0.0,0.0,0.0,0.0
비상교육,130.0,200.0,330.0,350.0,200.0,250.0,150.0,220.0,100.0
비스토스,,,,,,,220.0,4.0,0.0
비씨엔씨,,,,,,,0.0,0.0,0.0
비씨월드제약,100.0,0.0,100.0,100.0,100.0,100.0,100.0,100.0,100.0
비아트론,0.0,100.0,100.0,100.0,100.0,0.0,100.0,100.0,150.0
비에이치,,,,,,,,,
비에이치아이,0.0,0.0,0.0,0.0,0.0,0.0,0.0,0.0,0.0
비엘,,,,,,,,,
비엘팜텍,0.0,0.0,0.0,0.0,0.0,0.0,0.0,0.0,0.0
비엠티,100.0,100.0,100.0,100.0,150.0,150.0,150.0,150.0,200.0
비올,,,,,,,,,
비즈니스온,,,,180.0,234.0,285.0,300.0,200.0,0.0
비츠로셀,0.0,20.0,25.0,0.0,0.0,0.0,120.0,150.0,200.0
비츠로시스,0.0,0.0,0.0,0.0,0.0,0.0,0.0,0.0,0.0
비츠로테크,0.0,0.0,0.0,0.0,50.0,50.0,50.0,50.0,50.0
비케이탑스,0.0,0.0,0.0,0.0,0.0,0.0,0.0,0.0,0.0
비케이홀딩스,0.0,0.0,0.0,0.0,0.0,0.0,0.0,0.0,0.0
비투엔,,,,,,,,,
비트나인,,,,,,,0.0,0.0,0.0
비트컴퓨터,0.0,0.0,73.0,0.0,0.0,61.0,61.0,61.0,61.0
비플라이소프트,0.0,0.0,0.0,0.0,0.0,0.0,0.0,0.0,0.0
비피도,,,,0.0,0.0,0.0,0.0,0.0,0.0
빅솔론,200.0,400.0,300.0,300.0,180.0,190.0,150.0,250.0,400.0
빅텍,0.0,0.0,0.0,0.0,30.0,0.0,0.0,30.0,0.0
빙그레,1250.0,1250.0,1250.0,1250.0,1350.0,1450.0,1600.0,1400.0,1500.0
빛샘전자,0.0,200.0,100.0,100.0,50.0,100.0,50.0,100.0,50.0
사람인,80.0,90.0,120.0,60.0,390.0,580.0,600.0,600.0,700.0
사조대림,200.0,0.0,100.0,150.0,150.0,150.0,200.0,300.0,350.0
사조동아원,0.0,0.0,0.0,0.0,0.0,0.0,0.0,0.0,0.0
사조산업,0.0,0.0,150.0,200.0,250.0,150.0,200.0,300.0,350.0
사조씨푸드,0.0,0.0,50.0,70.0,70.0,0.0,0.0,60.0,40.0
사조오양,0.0,0.0,100.0,120.0,50.0,100.0,150.0,200.0,120.0
산돌,,,,,,,3529.0,2476.0,180.0
삼기,70.0,90.0,90.0,90.0,45.0,0.0,0.0,30.0,0.0
삼기이브이,,,,,,,0.0,0.0,0.0
삼륭물산,50.0,50.0,50.0,75.0,75.0,75.0,75.0,75.0,0.0
삼목에스폼,100.0,100.0,100.0,100.0,100.0,100.0,0.0,100.0,100.0
삼보모터스,50.0,50.0,70.0,70.0,70.0,0.0,0.0,50.0,50.0
삼보산업,,,,,,,,,
삼보판지,50.0,50.0,50.0,50.0,50.0,125.0,125.0,175.0,175.0
삼부토건,0.0,0.0,0.0,0.0,0.0,0.0,0.0,0.0,0.0
삼성FN리츠,,,,,,,,,
삼성SDI,1000.0,1000.0,1000.0,1000.0,1000.0,1000.0,1000.0,1000.0,1030.0
삼성공조,80.0,100.0,90.0,100.0,80.0,60.0,80.0,80.0,80.0
삼성물산,,,,,,,,,
삼성바이오로직스,0.0,0.0,0.0,0.0,0.0,0.0,0.0,0.0,0.0
삼성생명,1800.0,1800.0,1200.0,2000.0,2650.0,2650.0,2500.0,3000.0,3000.0
삼성에스디에스,500.0,500.0,750.0,2000.0,2000.0,2400.0,2400.0,2400.0,3200.0
삼성엔지니어링,0.0,0.0,0.0,0.0,0.0,0.0,0.0,0.0,0.0
삼성전기,750.0,500.0,500.0,750.0,1000.0,1100.0,1400.0,2100.0,2100.0
삼성전자,20000.0,21000.0,28500.0,850.0,1416.0,1416.0,2994.0,1444.0,1444.0
삼성제약,0.0,0.0,0.0,0.0,0.0,0.0,0.0,0.0,0.0
삼성중공업,250.0,0.0,0.0,0.0,0.0,0.0,0.0,0.0,0.0
삼성증권,650.0,1000.0,650.0,1000.0,1400.0,1700.0,2200.0,3800.0,1700.0
삼성출판사,100.0,130.0,110.0,150.0,100.0,100.0,200.0,200.0,200.0
삼성카드,1000.0,1500.0,1500.0,1500.0,1600.0,1600.0,1800.0,2300.0,2500.0
삼성화재,,,,,,,,,
삼아알미늄,75.0,55.0,75.0,55.0,100.0,110.0,100.0,200.0,250.0
삼아제약,200.0,200.0,250.0,250.0,250.0,300.0,300.0,250.0,400.0
삼양사,,,,,,,,,
삼양식품,100.0,50.0,150.0,0.0,0.0,0.0,800.0,1000.0,1400.0
삼양옵틱스,,,,1300.0,1100.0,1000.0,600.0,900.0,900.0
삼양통상,750.0,825.0,750.0,750.0,750.0,1000.0,1250.0,1250.0,1500.0
삼양패키징,,,,0.0,500.0,750.0,1000.0,1000.0,750.0
삼양홀딩스,1500.0,1500.0,2000.0,2000.0,2000.0,2000.0,2250.0,3000.0,3500.0
삼영,,,,,,,,,
삼영무역,200.0,275.0,275.0,275.0,300.0,350.0,500.0,550.0,600.0
삼영에스앤씨,,,,,,,0.0,0.0,0.0
삼영엠텍,0.0,80.0,90.0,50.0,60.0,100.0,150.0,70.0,50.0
삼영이엔씨,210.0,231.0,255.0,281.0,0.0,0.0,0.0,0.0,0.0
삼영전자,,,,,,,,,
삼원강재,120.0,125.0,125.0,115.0,115.0,115.0,105.0,105.0,105.0
삼익THK,300.0,300.0,330.0,400.0,300.0,150.0,150.0,300.0,300.0
삼익악기,50.0,50.0,50.0,50.0,50.0,50.0,50.0,50.0,50.0
삼일,,,,,,,,,
삼일기업공사,25.0,25.0,90.0,90.0,100.0,100.0,100.0,100.0,125.0
삼일씨엔에스,4620.0,0.0,600.0,70.0,0.0,38.0,0.0,0.0,0.0
삼일제약,200.0,200.0,150.0,150.0,100.0,100.0,75.0,80.0,0.0
삼정펄프,1000.0,1250.0,1650.0,1000.0,0.0,0.0,1000.0,1000.0,1000.0
삼지전자,0.0,0.0,0.0,120.0,140.0,140.0,300.0,400.0,450.0
삼진,,,,,,,,,
삼진엘앤디,0.0,50.0,0.0,0.0,75.0,0.0,75.0,50.0,0.0
삼진제약,500.0,600.0,700.0,800.0,800.0,800.0,800.0,800.0,800.0
삼천당제약,75.0,50.0,50.0,50.0,50.0,50.0,0.0,0.0,0.0
삼천리,2000.0,2500.0,2500.0,3000.0,3000.0,3000.0,3000.0,3000.0,3000.0
삼천리자전거,200.0,200.0,200.0,100.0,0.0,0.0,200.0,150.0,0.0
삼표시멘트,0.0,0.0,0.0,50.0,0.0,50.0,75.0,75.0,90.0
삼현철강,150.0,150.0,150.0,150.0,150.0,150.0,150.0,300.0,300.0
삼호개발,100.0,100.0,130.0,160.0,160.0,190.0,190.0,190.0,190.0
삼화네트웍스,0.0,0.0,0.0,0.0,0.0,0.0,0.0,0.0,0.0
삼화왕관,1250.0,1300.0,1350.0,1400.0,1350.0,1350.0,1250.0,1250.0,1200.0
삼화전기,50.0,30.0,50.0,70.0,100.0,100.0,100.0,300.0,300.0
삼화전자,,,,,,,,,
삼화콘덴서,,,,,,,,,
삼화페인트,,,,,,,,,
상보,0.0,0.0,0.0,0.0,0.0,0.0,0.0,0.0,0.0
상상인,0.0,0.0,0.0,0.0,0.0,200.0,0.0,100.0,100.0
상상인인더스트리,25.0,30.0,20.0,0.0,0.0,0.0,0.0,0.0,0.0
상상인증권,0.0,0.0,0.0,0.0,0.0,0.0,0.0,0.0,0.0
상신브레이크,160.0,170.0,160.0,170.0,100.0,100.0,50.0,80.0,100.0
상신이디피,50.0,50.0,50.0,50.0,70.0,50.0,70.0,100.0,115.0
상신전자,,,,520.0,85.0,0.0,0.0,0.0,0.0
상아프론테크,107.0,140.0,140.0,140.0,160.0,160.0,160.0,200.0,200.0
상지카일룸,0.0,0.0,0.0,0.0,0.0,0.0,0.0,0.0,0.0
새로닉스,40.0,40.0,40.0,40.0,40.0,40.0,20.0,0.0,0.0
새론오토모티브,200.0,200.0,190.0,150.0,150.0,140.0,150.0,140.0,140.0
새빗켐,,,,,,,50.0,0.0,300.0
샌즈랩,,,,,,,0.0,0.0,0.0
샘씨엔에스,,,,,,,0.0,0.0,0.0
샘표,300.0,300.0,200.0,200.0,200.0,200.0,200.0,200.0,200.0
샘표식품,0.0,0.0,200.0,200.0,200.0,200.0,200.0,200.0,200.0
샤페론,,,,,,,0.0,0.0,0.0
서남,,,,0.0,0.0,0.0,0.0,0.0,0.0
서린바이오,130.0,130.0,130.0,100.0,100.0,100.0,100.0,100.0,130.0
서부T&D,0.0,0.0,100.0,0.0,0.0,0.0,50.0,50.0,50.0
서산,500.0,1000.0,1250.0,25.0,13.0,0.0,0.0,0.0,0.0
서암기계공업,75.0,50.0,50.0,50.0,50.0,50.0,35.0,35.0,35.0
서연,150.0,150.0,150.0,100.0,50.0,50.0,50.0,100.0,100.0
서연이화,150.0,150.0,150.0,150.0,100.0,100.0,100.0,150.0,150.0
서연탑메탈,80.0,40.0,40.0,0.0,40.0,60.0,85.0,70.0,45.0
서울가스,,,,,,,,,
서울리거,0.0,0.0,0.0,0.0,0.0,0.0,0.0,0.0,0.0
서울바이오시스,0.0,107.0,0.0,114.0,39.0,38.0,143.0,59.0,0.0
서울식품,,,,,,,,,
서울옥션,80.0,100.0,100.0,80.0,100.0,0.0,0.0,0.0,0.0
서울전자통신,,,,,,,,,
서울제약,,,,15.0,0.0,15.0,0.0,0.0,0.0
서원,,,,,,,,,
서원인텍,500.0,600.0,660.0,300.0,300.0,300.0,350.0,350.0,400.0
서전기전,455.0,75.0,110.0,0.0,50.0,30.0,30.0,0.0,0.0
서진시스템,,,,100.0,200.0,300.0,0.0,0.0,0.0
서진오토모티브,,,,,,,,,
서플러스글로벌,0.0,0.0,70.0,75.0,40.0,0.0,30.0,50.0,50.0
서한,,,,,,,,,
서호전기,300.0,500.0,700.0,900.0,500.0,1200.0,1000.0,1000.0,1500.0
서흥,,,,,,,,,
서희건설,0.0,0.0,10.0,15.0,15.0,30.0,40.0,50.0,45.0
석경에이티,,,,,,,0.0,0.0,0.0
선광,,,,,,,,,
선도전기,10.0,20.0,20.0,20.0,20.0,25.0,5.0,0.0,0.0
선바이오,50.0,0.0,0.0,0.0,0.0,0.0,0.0,0.0,50.0
선익시스템,,,,0.0,100.0,100.0,100.0,0.0,0.0
선진,,,,,,,,,
선진뷰티사이언스,,,,,,,20.0,20.0,20.0
성광벤드,150.0,150.0,150.0,100.0,100.0,100.0,100.0,100.0,100.0
성도이엔지,,,,,,,,,
성문전자,0.0,0.0,0.0,0.0,0.0,0.0,0.0,0.0,0.0
성보화학,2000.0,2200.0,440.0,572.0,210.0,135.0,135.0,120.0,135.0
성신양회,0.0,0.0,0.0,0.0,150.0,150.0,150.0,200.0,200.0
성안,,,,,,,,,
성우전자,,,,,,,,,
성우테크론,25.0,0.0,0.0,0.0,50.0,75.0,40.0,40.0,40.0
성우하이텍,200.0,200.0,200.0,150.0,80.0,80.0,50.0,80.0,100.0
성일하이텍,,,,,,,0.0,0.0,0.0
성창기업지주,0.0,300.0,10.0,0.0,0.0,0.0,0.0,0.0,0.0
성창오토텍,50.0,50.0,0.0,50.0,50.0,30.0,50.0,60.0,70.0
성호전자,,,,,,,,,
세경하이테크,,,,0.0,0.0,250.0,100.0,100.0,0.0
세기상사,0.0,0.0,0.0,0.0,0.0,0.0,0.0,0.0,0.0
세동,0.0,0.0,0.0,0.0,0.0,0.0,0.0,0.0,0.0
세림B&G,,,,0.0,0.0,0.0,0.0,0.0,0.0
세명전기,80.0,80.0,80.0,80.0,80.0,80.0,70.0,70.0,70.0
세방,150.0,175.0,175.0,175.0,175.0,175.0,190.0,200.0,300.0
세방전지,300.0,350.0,350.0,400.0,500.0,500.0,500.0,600.0,600.0
세보엠이씨,125.0,175.0,200.0,250.0,300.0,150.0,200.0,250.0,500.0
세아메카닉스,,,,,,,0.0,0.0,0.0
세아베스틸지주,1000.0,1000.0,800.0,900.0,850.0,300.0,200.0,1500.0,1200.0
세아제강,,,,0.0,1800.0,2000.0,2500.0,3500.0,6000.0
세아제강지주,1500.0,1750.0,1750.0,1800.0,1800.0,1500.0,1500.0,1750.0,2250.0
세아특수강,800.0,700.0,750.0,750.0,900.0,900.0,700.0,1200.0,1000.0
세아홀딩스,1800.0,1750.0,1750.0,2000.0,2500.0,2250.0,2250.0,2750.0,4000.0
세우글로벌,0.0,0.0,0.0,0.0,0.0,0.0,0.0,0.0,0.0
세운메디칼,25.0,25.0,35.0,40.0,50.0,50.0,50.0,50.0,60.0
세원물산,75.0,75.0,75.0,75.0,50.0,25.0,25.0,25.0,25.0
세원이앤씨,0.0,0.0,0.0,0.0,0.0,0.0,0.0,0.0,0.0
세원정공,,,,,,,,,
세이브존I&C,30.0,30.0,30.0,50.0,50.0,30.0,30.0,30.0,30.0
세종공업,150.0,250.0,200.0,100.0,50.0,50.0,50.0,100.0,100.0
세종메디칼,,,,0.0,0.0,0.0,100.0,0.0,0.0
세종텔레콤,0.0,0.0,0.0,0.0,0.0,0.0,0.0,0.0,0.0
세중,,,,,,,,,
세진중공업,0.0,100.0,100.0,30.0,20.0,20.0,150.0,150.0,150.0
세진티에스,0.0,0.0,0.0,0.0,0.0,0.0,0.0,0.0,0.0
세코닉스,100.0,200.0,200.0,0.0,0.0,50.0,0.0,0.0,0.0
세토피아,0.0,0.0,0.0,0.0,0.0,0.0,0.0,0.0,0.0
세하,,,,,,,,,
세화피앤씨,25.0,30.0,50.0,,,,,,
센코,,,,,,,0.0,0.0,0.0
셀레믹스,,,,,,,0.0,0.0,0.0
셀루메드,0.0,0.0,0.0,0.0,0.0,0.0,0.0,0.0,0.0
셀리드,,,,0.0,0.0,0.0,0.0,0.0,0.0
셀리버리,,,,0.0,0.0,0.0,0.0,0.0,0.0
셀바스AI,0.0,0.0,0.0,0.0,0.0,0.0,0.0,0.0,0.0
셀바스헬스케어,0.0,0.0,0.0,0.0,0.0,0.0,0.0,0.0,0.0
셀바이오휴먼텍,,,,,,,,,
셀트리온,,,,,,,,,
셀트리온제약,0.0,0.0,0.0,0.0,0.0,0.0,0.0,0.0,0.0
셀피글로벌,0.0,0.0,0.0,0.0,0.0,0.0,0.0,0.0,0.0
소니드,0.0,0.0,0.0,0.0,0.0,0.0,0.0,0.0,0.0
소룩스,,,,,,,50.0,50.0,50.0
소마젠,,,,,,,0.0,0.0,0.0
소프트센,0.0,0.0,0.0,0.0,0.0,0.0,0.0,0.0,0.0
소프트캠프,0.0,0.0,0.0,,,,,,
손오공,0.0,0.0,0.0,0.0,0.0,0.0,0.0,0.0,0.0
솔고바이오,0.0,0.0,0.0,0.0,0.0,0.0,0.0,0.0,0.0
솔루스첨단소재,,,,0.0,0.0,0.0,10.0,100.0,100.0
솔루엠,,,,0.0,0.0,0.0,0.0,0.0,0.0
솔본,0.0,0.0,0.0,0.0,0.0,0.0,0.0,0.0,0.0
솔브레인,,,,,,,1950.0,1950.0,2000.0
솔트룩스,,,,,,,0.0,0.0,0.0
솔트웨어,,,,,,,,,
송원산업,,,,,,,,,
쇼박스,,,,,,,,,
수산아이앤티,0.0,0.0,125.0,125.0,75.0,75.0,125.0,125.0,125.0
수산인더스트리,,,,,,,1000.0,1000.0,600.0
수산중공업,15.0,0.0,10.0,0.0,0.0,10.0,10.0,10.0,10.0
수성샐바시온,70.0,70.0,70.0,0.0,0.0,0.0,0.0,0.0,0.0
수젠텍,0.0,0.0,0.0,0.0,0.0,0.0,0.0,0.0,150.0
슈어소프트테크,,,,,,,,,
슈프리마,0.0,0.0,0.0,0.0,0.0,0.0,0.0,0.0,0.0
슈프리마아이디,,,,0.0,0.0,0.0,0.0,0.0,0.0
슈프리마에이치큐,0.0,0.0,0.0,0.0,0.0,0.0,0.0,0.0,0.0
슈피겐코리아,660.0,600.0,500.0,500.0,1150.0,1300.0,1200.0,840.0,560.0
스마트솔루션즈,20.0,20.0,30.0,50.0,20.0,0.0,0.0,0.0,0.0
스맥,,,,,,,,,
스카이라이프,,,,,,,,,
스카이문스테크놀로지,0.0,0.0,0.0,0.0,0.0,0.0,0.0,0.0,0.0
스코넥,,,,,,,0.0,0.0,0.0
스킨앤스킨,0.0,0.0,0.0,0.0,0.0,0.0,0.0,0.0,0.0
스타플렉스,0.0,0.0,80.0,80.0,100.0,80.0,0.0,0.0,0.0
스톤브릿지벤처스,,,,,,,137.0,0.0,400.0
스튜디오드래곤,,,,0.0,0.0,0.0,0.0,0.0,0.0
스튜디오미르,,,,,,,0.0,0.0,0.0
스튜디오산타클로스,0.0,0.0,0.0,0.0,0.0,0.0,0.0,0.0,0.0
스틱인베스트먼트,,,,,,,,,
스페코,0.0,0.0,0.0,0.0,0.0,0.0,50.0,50.0,0.0
승일,85.0,0.0,85.0,85.0,170.0,0.0,85.0,170.0,85.0
시공테크,40.0,0.0,0.0,120.0,20.0,80.0,70.0,50.0,20.0
시그네틱스,0.0,0.0,0.0,0.0,0.0,0.0,0.0,0.0,0.0
시너지이노베이션,0.0,0.0,0.0,0.0,0.0,0.0,0.0,0.0,0.0
시노펙스,0.0,0.0,0.0,0.0,0.0,0.0,0.0,0.0,0.0
시디즈,0.0,0.0,0.0,0.0,300.0,300.0,300.0,400.0,400.0
시스웍,,,,20.0,30.0,40.0,0.0,0.0,0.0
시큐브,0.0,60.0,50.0,10.0,10.0,10.0,15.0,25.0,25.0
시티랩스,0.0,0.0,0.0,0.0,0.0,0.0,0.0,0.0,0.0
신대양제지,375.0,0.0,0.0,375.0,750.0,625.0,625.0,1250.0,1250.0
신도기연,,,,,,,0.0,0.0,0.0
신도리코,1500.0,1200.0,1500.0,1650.0,1600.0,1000.0,0.0,1500.0,1500.0
신라교역,300.0,200.0,250.0,500.0,500.0,500.0,500.0,500.0,500.0
신라섬유,0.0,0.0,0.0,0.0,0.0,0.0,0.0,0.0,0.0
신라에스지,0.0,0.0,0.0,0.0,0.0,0.0,0.0,0.0,0.0
신라젠,0.0,0.0,0.0,0.0,0.0,0.0,0.0,0.0,0.0
신성델타테크,50.0,60.0,50.0,70.0,50.0,80.0,100.0,120.0,120.0
신성이엔지,,,,,,,,,
신성통상,0.0,0.0,0.0,0.0,0.0,0.0,0.0,0.0,0.0
신세계,,,,,,,,,
신세계 I&C,,,,,,,,,
신세계건설,0.0,250.0,500.0,750.0,750.0,800.0,800.0,850.0,500.0
신세계인터내셔날,600.0,600.0,600.0,600.0,850.0,1100.0,220.0,300.0,500.0
신세계푸드,750.0,500.0,600.0,750.0,750.0,750.0,750.0,750.0,750.0
신송홀딩스,80.0,80.0,80.0,0.0,0.0,80.0,100.0,120.0,120.0
신스틸,,,,,,,,,
신신제약,11.0,21.0,34.0,33.0,33.0,28.0,0.0,0.0,50.0
신영와코루,1500.0,1500.0,2500.0,1500.0,1500.0,1500.0,1500.0,1500.0,150.0
신영증권,2000.0,2000.0,2200.0,2450.0,2750.0,2750.0,2500.0,4000.0,4000.0
신원,,,,,,,,,
신원종합개발,0.0,0.0,0.0,0.0,0.0,0.0,0.0,0.0,0.0
신일전자,0.0,0.0,0.0,20.0,25.0,20.0,20.0,25.0,10.0
신일제약,120.0,120.0,140.0,140.0,140.0,150.0,100.0,100.0,100.0
신진에스엠,110.0,100.0,0.0,120.0,75.0,70.0,70.0,120.0,100.0
신테카바이오,,,,0.0,0.0,0.0,0.0,0.0,0.0
신풍,,,,,,,,,
신풍제약,50.0,0.0,0.0,0.0,0.0,0.0,100.0,0.0,0.0
신한서부티엔디리츠,,,,,,,120.0,89.0,156.0
신한알파리츠,,,,116.0,137.0,140.0,164.0,177.0,192.0
신한지주,950.0,1200.0,1450.0,1450.0,1600.0,1850.0,1500.0,1960.0,2065.0
신화인터텍,0.0,0.0,50.0,0.0,0.0,50.0,50.0,0.0,0.0
신화콘텍,50.0,0.0,0.0,0.0,0.0,0.0,0.0,0.0,0.0
신흥,,,,,,,,,
신흥에스이씨,,,,100.0,150.0,280.0,300.0,330.0,330.0
실리콘투,,,,,,,0.0,0.0,0.0
심텍,0.0,260.0,200.0,265.0,160.0,160.0,320.0,500.0,500.0
심텍홀딩스,0.0,0.0,0.0,20.0,10.0,10.0,30.0,50.0,50.0
싸이맥스,0.0,200.0,250.0,250.0,250.0,250.0,350.0,400.0,0.0
싸이버원,,,,,,,0.0,80.0,80.0
싸이토젠,,,,0.0,0.0,0.0,0.0,0.0,0.0
쌍방울,0.0,0.0,0.0,0.0,0.0,0.0,0.0,0.0,0.0
쌍용C&E,,,,,,,,,
쌍용정보통신,0.0,0.0,0.0,0.0,0.0,0.0,0.0,0.0,0.0
써니전자,0.0,0.0,0.0,0.0,0.0,0.0,0.0,0.0,0.0
썸에이지,,,,,,,,,
쎄노텍,,,,,,,,,
쎄니트,20.0,30.0,30.0,30.0,30.0,30.0,30.0,40.0,50.0
쎄트렉아이,150.0,220.0,240.0,310.0,210.0,210.0,340.0,140.0,80.0
쎌마테라퓨틱스,0.0,0.0,0.0,0.0,0.0,0.0,0.0,0.0,0.0
쎌바이오텍,150.0,400.0,550.0,550.0,600.0,600.0,450.0,450.0,450.0
쏘카,,,,,,,0.0,0.0,0.0
쏠리드,,,,,,,,,
씨씨에스,0.0,0.0,0.0,0.0,0.0,0.0,0.0,0.0,0.0
씨아이에스,,,,,,,,,
씨아이테크,0.0,0.0,0.0,0.0,0.0,0.0,0.0,0.0,0.0
씨앤씨인터내셔널,,,,,,,392.0,0.0,0.0
씨앤지하이테크,,,,160.0,200.0,150.0,350.0,150.0,500.0
씨앤투스,,,,,,,0.0,461.0,260.0
씨에스베어링,,,,0.0,0.0,0.0,0.0,0.0,0.0
씨에스윈드,478.0,300.0,200.0,350.0,400.0,460.0,1000.0,600.0,500.0
씨엔알리서치,,,,,,,,,
씨엔플러스,0.0,0.0,0.0,0.0,0.0,0.0,0.0,0.0,0.0
씨유메디칼,0.0,0.0,0.0,0.0,0.0,0.0,0.0,0.0,0.0
씨유테크,,,,,,,228.0,260.0,64.0
씨이랩,0.0,0.0,0.0,0.0,0.0,0.0,0.0,0.0,0.0
씨젠,0.0,0.0,0.0,0.0,0.0,100.0,1500.0,1000.0,800.0
씨케이에이치,0.0,0.0,0.0,0.0,0.0,0.0,0.0,0.0,0.0
씨큐브,100.0,100.0,120.0,120.0,130.0,150.0,100.0,120.0,180.0
씨티씨바이오,0.0,0.0,0.0,0.0,0.0,0.0,0.0,0.0,0.0
씨티알모빌리티,,,,500.0,0.0,0.0,0.0,0.0,0.0
씨티케이,,,,,,,,,
아가방컴퍼니,0.0,0.0,0.0,0.0,0.0,0.0,0.0,0.0,0.0
아나패스,350.0,200.0,200.0,200.0,250.0,100.0,0.0,0.0,0.0
아난티,0.0,0.0,0.0,0.0,0.0,0.0,0.0,0.0,0.0
아남전자,0.0,0.0,0.0,0.0,0.0,0.0,0.0,0.0,0.0
아리온,,,,,,,,,
아모그린텍,,,,0.0,0.0,0.0,0.0,0.0,0.0
아모레G,,,,,,,,,
아모레퍼시픽,9000.0,1350.0,1580.0,1280.0,1180.0,1000.0,800.0,980.0,680.0
아모센스,,,,,,,0.0,0.0,0.0
아모텍,0.0,0.0,0.0,0.0,0.0,0.0,0.0,0.0,0.0
아미노로직스,0.0,0.0,0.0,0.0,0.0,0.0,0.0,0.0,0.0
아미코젠,120.0,100.0,0.0,0.0,0.0,0.0,0.0,0.0,0.0
아바코,50.0,50.0,200.0,0.0,200.0,300.0,300.0,300.0,300.0
아바텍,200.0,100.0,200.0,200.0,200.0,100.0,100.0,0.0,0.0
아비코전자,150.0,200.0,220.0,200.0,150.0,70.0,70.0,70.0,70.0
아세아,1500.0,1500.0,1500.0,1500.0,1750.0,1750.0,2000.0,3000.0,3750.0
아세아시멘트,1500.0,1500.0,1500.0,1500.0,1500.0,1500.0,1250.0,2250.0,225.0
아세아제지,450.0,0.0,500.0,450.0,750.0,600.0,700.0,900.0,1000.0
아세아텍,50.0,50.0,75.0,75.0,75.0,50.0,50.0,50.0,50.0
아센디오,0.0,0.0,0.0,0.0,0.0,0.0,0.0,0.0,0.0
아셈스,,,,,,,0.0,0.0,0.0
아스타,0.0,0.0,0.0,0.0,0.0,0.0,0.0,0.0,0.0
아스트,0.0,0.0,0.0,0.0,0.0,0.0,0.0,0.0,0.0
아스플로,,,,,,,0.0,0.0,0.0
아시아경제,0.0,0.0,0.0,0.0,80.0,0.0,0.0,0.0,0.0
아시아나IDT,,,,500.0,500.0,500.0,0.0,500.0,500.0
아시아나항공,0.0,0.0,0.0,0.0,0.0,0.0,0.0,0.0,0.0
아시아종묘,0.0,0.0,0.0,0.0,0.0,0.0,0.0,0.0,0.0
아우딘퓨쳐스,,,,0.0,0.0,0.0,0.0,0.0,0.0
아이디스,,,,,,,,,
아이디스홀딩스,100.0,150.0,150.0,150.0,200.0,200.0,200.0,200.0,250.0
아이디피,,,,,,,80.0,150.0,150.0
아이마켓코리아,500.0,500.0,450.0,350.0,450.0,600.0,600.0,600.0,600.0
아이비김영,,,,,,,,,
아이센스,0.0,0.0,100.0,100.0,150.0,200.0,250.0,300.0,350.0
아이스크림에듀,,,,0.0,0.0,100.0,50.0,0.0,0.0
아이쓰리시스템,0.0,400.0,450.0,270.0,270.0,70.0,100.0,100.0,200.0
아이씨디,0.0,0.0,100.0,150.0,150.0,150.0,350.0,200.0,100.0
아이씨에이치,,,,,,,0.0,0.0,0.0
아이앤씨,,,,,,,,,
아이에스동서,400.0,500.0,1000.0,1100.0,1200.0,700.0,1000.0,1200.0,0.0
아이에스이커머스,0.0,0.0,0.0,0.0,0.0,0.0,0.0,0.0,0.0
아이에이,0.0,0.0,0.0,0.0,0.0,0.0,0.0,0.0,0.0
아이엘사이언스,,,,,,,,,
아이엠,,,,,,,,,
아이오케이,0.0,0.0,0.0,0.0,0.0,0.0,0.0,0.0,0.0
아이윈,30.0,30.0,30.0,30.0,50.0,100.0,120.0,100.0,35.0
아이윈플러스,0.0,0.0,0.0,0.0,0.0,0.0,0.0,0.0,0.0
아이즈비전,50.0,55.0,65.0,75.0,100.0,0.0,0.0,0.0,0.0
아이진,0.0,0.0,0.0,0.0,0.0,0.0,0.0,0.0,0.0
아이컴포넌트,0.0,100.0,100.0,0.0,0.0,0.0,0.0,0.0,0.0
아이퀘스트,,,,,,,100.0,100.0,100.0
아이큐어,0.0,0.0,0.0,0.0,0.0,0.0,0.0,0.0,0.0
아이크래프트,70.0,100.0,100.0,100.0,0.0,0.0,0.0,50.0,0.0
아이텍,,,,,,,,,
아이톡시,0.0,0.0,0.0,0.0,0.0,0.0,0.0,0.0,0.0
아이티센,47.0,0.0,0.0,0.0,0.0,0.0,0.0,0.0,0.0
아이티아이즈,,,,,,,0.0,0.0,0.0
아이패밀리에스씨,0.0,0.0,0.0,0.0,0.0,91.0,92.0,33.0,63.0
아주IB투자,0.0,1250.0,250.0,250.0,25.0,35.0,50.0,100.0,20.0
아주스틸,,,,,,,0.0,0.0,0.0
아즈텍WB,50.0,50.0,50.0,0.0,50.0,0.0,50.0,50.0,20.0
아진산업,,,,,,,,,
아진엑스텍,0.0,0.0,200.0,250.0,200.0,100.0,100.0,150.0,75.0
아톤,,,,0.0,0.0,0.0,0.0,0.0,100.0
아프리카TV,150.0,200.0,290.0,380.0,470.0,550.0,650.0,730.0,730.0
안국약품,200.0,220.0,220.0,220.0,220.0,220.0,220.0,220.0,220.0
안랩,300.0,500.0,700.0,800.0,900.0,900.0,900.0,1100.0,1100.0
안트로젠,0.0,0.0,0.0,0.0,0.0,0.0,0.0,0.0,0.0
알로이스,0.0,0.0,0.0,,,,,,
알루코,,,,,,,,,
알리코제약,,,,100.0,0.0,200.0,100.0,70.0,130.0
알비더블유,,,,,,,0.0,0.0,0.0
알비케이그룹,0.0,0.0,0.0,0.0,0.0,0.0,0.0,0.0,0.0
알서포트,,,,,,,,,
알에스오토메이션,,,,100.0,0.0,0.0,0.0,0.0,0.0
알에프세미,25.0,41.0,35.0,23.0,28.0,13.0,0.0,0.0,0.0
알에프텍,50.0,50.0,0.0,50.0,0.0,0.0,0.0,0.0,0.0
알엔투테크놀로지,0.0,0.0,50.0,30.0,40.0,50.0,50.0,30.0,30.0
알체라,,,,,,,0.0,0.0,0.0
알톤스포츠,,,,,,,,,
알티캐스트,150.0,0.0,0.0,0.0,0.0,0.0,0.0,0.0,0.0
알파홀딩스,70.0,40.0,40.0,0.0,0.0,0.0,0.0,0.0,0.0
알피바이오,,,,,,,0.0,0.0,0.0
압타머사이언스,,,,,,,0.0,0.0,0.0
압타바이오,,,,0.0,0.0,0.0,0.0,0.0,0.0
애경산업,,,,350.0,450.0,450.0,200.0,200.0,310.0
애경케미칼,1900.0,1900.0,300.0,350.0,350.0,350.0,350.0,550.0,550.0
애니젠,0.0,0.0,0.0,0.0,0.0,0.0,0.0,0.0,0.0
애니플러스,,,,,,,,,
애드바이오텍,,,,0.0,0.0,0.0,0.0,0.0,0.0
애머릿지,0.0,0.0,0.0,0.0,0.0,0.0,0.0,0.0,0.0
액션스퀘어,,,,,,,,,
액토즈소프트,0.0,0.0,0.0,0.0,0.0,0.0,0.0,0.0,0.0
액트로,,,,0.0,400.0,200.0,200.0,100.0,100.0
앤디포스,100.0,200.0,400.0,250.0,65.0,0.0,0.0,0.0,0.0
앤씨앤,0.0,50.0,0.0,0.0,0.0,0.0,0.0,0.0,0.0
앱코,,,,,,,0.0,0.0,0.0
앱클론,0.0,0.0,0.0,0.0,0.0,0.0,0.0,0.0,0.0
야스,,,,0.0,500.0,150.0,100.0,50.0,0.0
양지사,50.0,50.0,50.0,50.0,50.0,50.0,50.0,50.0,50.0
어반리튬,0.0,0.0,0.0,0.0,0.0,0.0,0.0,0.0,0.0
어보브반도체,40.0,40.0,50.0,75.0,90.0,200.0,240.0,240.0,200.0
어스앤에어로스페이스,,,,0.0,0.0,0.0,0.0,0.0,0.0
얼라인드,0.0,0.0,0.0,0.0,0.0,0.0,0.0,0.0,0.0
에너토크,100.0,70.0,70.0,50.0,60.0,50.0,50.0,70.0,50.0
에넥스,20.0,30.0,20.0,30.0,10.0,0.0,0.0,0.0,0.0
에브리봇,0.0,0.0,0.0,0.0,0.0,0.0,0.0,350.0,0.0
에스넷,50.0,25.0,0.0,50.0,100.0,120.0,80.0,50.0,0.0
에스디바이오센서,,,,,,,535.0,1266.0,990.0
에스디생명공학,0.0,0.0,0.0,150.0,0.0,0.0,0.0,0.0,0.0
에스디시스템,0.0,0.0,0.0,0.0,0.0,0.0,0.0,0.0,0.0
에스맥,0.0,0.0,0.0,0.0,0.0,0.0,0.0,0.0,0.0
에스바이오메딕스,,,,0.0,0.0,0.0,0.0,0.0,0.0
에스비비테크,,,,,,,0.0,0.0,0.0
에스씨디,,,,,,,,,
에스씨엠생명과학,,,,,,,0.0,0.0,0.0
에스아이리소스,0.0,0.0,0.0,0.0,0.0,0.0,0.0,0.0,0.0
에스앤더블류,0.0,0.0,0.0,0.0,0.0,0.0,0.0,0.0,0.0
에스앤디,,,,,,,,,
에스앤에스텍,0.0,0.0,0.0,50.0,50.0,50.0,80.0,100.0,150.0
에스에너지,100.0,100.0,110.0,50.0,50.0,50.0,50.0,0.0,0.0
에스에스알,,,,0.0,0.0,0.0,0.0,0.0,0.0
에스에이엠티,0.0,0.0,100.0,110.0,130.0,140.0,150.0,200.0,230.0
에스에이티,,,,,,,,,
에스에이티이엔지,,,,,,,0.0,59.0,16.0
에스엔유,0.0,0.0,0.0,0.0,0.0,0.0,0.0,0.0,0.0
에스엘,,,,,,,,,
에스엘에너지,0.0,0.0,0.0,0.0,0.0,0.0,0.0,0.0,0.0
에스엠,,,,,,,,,
에스엠벡셀,0.0,0.0,0.0,0.0,0.0,0.0,0.0,0.0,0.0
에스엠코어,70.0,100.0,50.0,50.0,50.0,70.0,70.0,50.0,70.0
에스와이,,,,,,,,,
에스원,1150.0,1200.0,1250.0,2500.0,2500.0,2500.0,2500.0,2500.0,2500.0
에스제이그룹,,,,300.0,300.0,400.0,140.0,450.0,500.0
에스코넥,0.0,0.0,0.0,0.0,0.0,0.0,0.0,0.0,0.0
에스텍,,,,,,,,,
에스텍파마,50.0,50.0,50.0,50.0,50.0,100.0,100.0,100.0,100.0
에스트래픽,,,,20.0,0.0,0.0,0.0,0.0,0.0
에스티아이,,,,,,,,,
에스티오,20.0,50.0,20.0,20.0,140.0,120.0,110.0,110.0,110.0
에스티큐브,0.0,0.0,0.0,0.0,0.0,0.0,0.0,0.0,0.0
에스폴리텍,0.0,0.0,25.0,25.0,25.0,50.0,50.0,50.0,0.0
에스퓨얼셀,,,,0.0,50.0,50.0,100.0,100.0,50.0
에스피시스템스,,,,30.0,20.0,20.0,0.0,0.0,0.0
에스피지,200.0,50.0,100.0,50.0,100.0,100.0,150.0,250.0,200.0
에쎈테크,0.0,0.0,0.0,0.0,0.0,0.0,0.0,0.0,0.0
에쓰씨엔지니어링,0.0,0.0,0.0,0.0,0.0,0.0,0.0,0.0,0.0
에어부산,,,,100.0,100.0,0.0,0.0,0.0,0.0
에이디엠코리아,,,,,,,0.0,0.0,0.0
에이디칩스,0.0,0.0,0.0,0.0,0.0,0.0,0.0,0.0,0.0
에이디테크놀로지,0.0,250.0,0.0,0.0,100.0,0.0,70.0,70.0,0.0
에이루트,50.0,0.0,0.0,0.0,0.0,0.0,0.0,0.0,0.0
에이리츠,16.0,952.0,619.0,100.0,318.0,428.0,750.0,250.0,200.0
에이블씨엔씨,10.0,300.0,400.0,0.0,0.0,0.0,0.0,0.0,0.0
에이비엘바이오,,,,0.0,0.0,0.0,0.0,0.0,0.0
에이비온,0.0,0.0,0.0,0.0,0.0,0.0,0.0,0.0,0.0
에이비프로바이오,345.0,140.0,0.0,0.0,0.0,0.0,0.0,0.0,0.0
에이스침대,2500.0,3300.0,3300.0,3300.0,1000.0,1100.0,1100.0,1330.0,1330.0
에이스테크,,,,,,,,,
에이스토리,,,,0.0,0.0,0.0,0.0,0.0,0.0
에이에프더블류,,,,63.0,100.0,100.0,0.0,0.0,0.0
에이엔피,0.0,0.0,0.0,0.0,0.0,0.0,0.0,0.0,0.0
에이치시티,750.0,0.0,0.0,0.0,100.0,30.0,50.0,70.0,0.0
에이치앤비디자인,,,,0.0,0.0,0.0,0.0,0.0,0.0
에이치엘사이언스,0.0,0.0,0.0,200.0,300.0,400.0,400.0,400.0,0.0
에이치와이티씨,,,,,,,0.0,0.0,0.0
에이치케이,,,,,,,,,
에이치피오,,,,,,,0.0,300.0,80.0
에이테크솔루션,0.0,0.0,0.0,0.0,0.0,0.0,0.0,0.0,0.0
에이텍,,,,,,,,,
에이텍모빌리티,0.0,0.0,0.0,100.0,100.0,0.0,100.0,100.0,100.0
에이트원,0.0,0.0,0.0,0.0,0.0,0.0,0.0,0.0,0.0
에이티넘인베스트,25.0,70.0,35.0,60.0,50.0,50.0,100.0,200.0,150.0
에이티세미콘,0.0,0.0,0.0,0.0,0.0,0.0,0.0,0.0,0.0
에이팩트,0.0,0.0,0.0,0.0,0.0,0.0,0.0,0.0,0.0
에이프로,,,,,,,,,
에이프로젠,,,,0.0,0.0,0.0,,,
에이프로젠 H&G,0.0,0.0,0.0,0.0,0.0,0.0,0.0,0.0,0.0
에이프로젠바이오로직스,,,,,,,,,
에이프릴바이오,,,,,,,0.0,0.0,0.0
에이플러스에셋,0.0,0.0,0.0,15.0,15.0,15.0,350.0,150.0,200.0
에이피티씨,,,,0.0,200.0,0.0,500.0,1200.0,0.0
에치에프알,,,,,,,,,
에코바이오,0.0,0.0,0.0,0.0,0.0,0.0,0.0,0.0,0.0
에코앤드림,0.0,0.0,0.0,0.0,0.0,0.0,0.0,0.0,0.0
에코캡,,,,0.0,0.0,0.0,0.0,0.0,0.0
에코프로,0.0,0.0,0.0,0.0,0.0,300.0,300.0,430.0,500.0
에코프로에이치엔,,,,,,,0.0,330.0,600.0
에코플라스틱,50.0,50.0,20.0,0.0,0.0,30.0,30.0,50.0,50.0
에프알텍,0.0,0.0,0.0,0.0,0.0,0.0,0.0,0.0,0.0
에프앤가이드,40.0,40.0,40.0,50.0,50.0,70.0,100.0,130.0,180.0
에프에스티,80.0,80.0,80.0,80.0,80.0,80.0,100.0,130.0,100.0
에프엔씨엔터,400.0,400.0,0.0,0.0,0.0,0.0,0.0,0.0,0.0
에프엔에스테크,0.0,0.0,0.0,0.0,0.0,0.0,200.0,50.0,100.0
엑사이엔씨,0.0,0.0,0.0,0.0,0.0,0.0,0.0,0.0,0.0
엑서지21,0.0,0.0,0.0,0.0,0.0,0.0,0.0,0.0,0.0
엑세스바이오,0.0,0.0,0.0,0.0,0.0,0.0,0.0,0.0,823.0
엑셈,,,,,,,,,
엑스게이트,,,,,,,0.0,0.0,0.0
엑스큐어,0.0,20.0,0.0,0.0,0.0,0.0,0.0,0.0,0.0
엑시콘,0.0,75.0,100.0,135.0,100.0,65.0,50.0,100.0,100.0
엔바이오니아,,,,0.0,0.0,0.0,0.0,0.0,0.0
엔브이에이치코리아,100.0,120.0,140.0,140.0,100.0,50.0,75.0,100.0,120.0
엔비티,,,,,,,0.0,0.0,0.0
엔시스,,,,,,,0.0,70.0,60.0
엔시트론,0.0,0.0,0.0,0.0,0.0,0.0,0.0,0.0,0.0
엔씨소프트,3430.0,2747.0,3820.0,7280.0,6050.0,5220.0,8550.0,5860.0,6680.0
엔에스엔,,,,,,,,,
엔에프씨,,,,,,,100.0,100.0,20.0
엔젠바이오,,,,,,,0.0,0.0,0.0
엔젯,,,,,,,0.0,0.0,0.0
엔지스테크널러지,0.0,0.0,0.0,0.0,0.0,0.0,0.0,0.0,0.0
엔지켐생명과학,0.0,0.0,0.0,0.0,0.0,0.0,0.0,0.0,0.0
엔케이,,,,,,,,,
엔케이맥스,,,,,,,,,
엔켐,,,,,,,0.0,0.0,0.0
엔텔스,100.0,0.0,0.0,0.0,0.0,0.0,0.0,0.0,0.0
엔투텍,0.0,0.0,0.0,0.0,0.0,0.0,0.0,0.0,0.0
엔피,,,,,,,,,
엔피디,,,,,,,,,
엔피케이,30.0,30.0,30.0,30.0,30.0,30.0,30.0,30.0,30.0
엘디티,0.0,0.0,0.0,0.0,0.0,0.0,0.0,0.0,0.0
엘브이엠씨홀딩스,,,,,,,,,
엘아이에스,0.0,0.0,0.0,0.0,0.0,0.0,0.0,0.0,0.0
엘앤씨바이오,,,,0.0,0.0,100.0,50.0,50.0,50.0
엘앤케이바이오,0.0,0.0,0.0,0.0,0.0,0.0,0.0,0.0,0.0
엘엠에스,50.0,105.0,150.0,150.0,150.0,250.0,200.0,200.0,200.0
엘오티베큠,0.0,0.0,0.0,50.0,30.0,0.0,50.0,100.0,100.0
엘컴텍,0.0,0.0,50.0,40.0,30.0,35.0,0.0,0.0,0.0
엘티씨,,,,,,,,,
엠게임,0.0,0.0,0.0,0.0,0.0,0.0,0.0,0.0,0.0
엠로,0.0,0.0,0.0,0.0,0.0,0.0,0.0,0.0,0.0
엠벤처투자,,,,,,,,,
엠브레인,,,,,,,,,
엠씨넥스,300.0,330.0,0.0,260.0,300.0,500.0,500.0,500.0,500.0
엠아이텍,,,,0.0,50.0,50.0,60.0,80.0,120.0
엠에스씨,,,,,,,,,
엠에스오토텍,75.0,75.0,75.0,75.0,50.0,75.0,50.0,0.0,50.0
엠에프엠코리아,0.0,0.0,0.0,0.0,0.0,0.0,,,
엠젠솔루션,0.0,0.0,0.0,0.0,0.0,0.0,0.0,0.0,0.0
엠케이전자,150.0,120.0,80.0,140.0,100.0,40.0,140.0,150.0,100.0
엠투아이,,,,,,,500.0,250.0,250.0
엠투엔,0.0,50.0,0.0,0.0,0.0,0.0,0.0,0.0,0.0
엠플러스,,,,,,,,,
엠피씨플러스,0.0,0.0,0.0,0.0,0.0,0.0,0.0,0.0,0.0
영림원소프트랩,,,,,,,80.0,110.0,140.0
영보화학,100.0,100.0,100.0,100.0,100.0,100.0,75.0,100.0,50.0
영우디에스피,0.0,0.0,0.0,0.0,0.0,0.0,0.0,0.0,0.0
영원무역,0.0,0.0,0.0,300.0,350.0,400.0,500.0,1000.0,1530.0
영원무역홀딩스,500.0,500.0,500.0,600.0,800.0,1000.0,1200.0,2000.0,3050.0
영진약품,0.0,0.0,0.0,0.0,0.0,0.0,0.0,0.0,0.0
영풍,,,,,,,,,
영풍정밀,100.0,180.0,180.0,200.0,250.0,300.0,350.0,350.0,400.0
영풍제지,2000.0,40.0,45.0,40.0,40.0,40.0,40.0,40.0,779.0
영화금속,30.0,50.0,30.0,30.0,0.0,0.0,15.0,0.0,0.0
영화테크,,,,100.0,100.0,50.0,50.0,50.0,50.0
영흥,,,,,,,,,
예림당,,,,,,,,,
예선테크,,,,,,,,,
예스24,100.0,120.0,120.0,120.0,120.0,200.0,200.0,200.0,200.0
예스코홀딩스,1250.0,1250.0,1500.0,1500.0,1500.0,1750.0,2000.0,2250.0,2500.0
예스티,0.0,0.0,0.0,0.0,0.0,0.0,0.0,0.0,0.0
오가닉티코스메틱,0.0,0.0,54.0,46.0,79.0,0.0,0.0,0.0,0.0
오공,50.0,50.0,60.0,70.0,50.0,50.0,60.0,50.0,50.0
오디텍,100.0,100.0,130.0,100.0,100.0,100.0,100.0,100.0,100.0
오뚜기,4000.0,5200.0,6800.0,7000.0,7500.0,7500.0,8000.0,8000.0,9000.0
오로라,100.0,100.0,100.0,110.0,150.0,200.0,100.0,120.0,120.0
오로스테크놀로지,,,,,,,0.0,0.0,0.0
오르비텍,0.0,0.0,0.0,0.0,0.0,0.0,0.0,0.0,0.0
오리엔탈정공,0.0,0.0,0.0,0.0,0.0,0.0,0.0,0.0,50.0
오리엔트바이오,0.0,0.0,0.0,0.0,0.0,0.0,0.0,0.0,0.0
오리엔트정공,0.0,0.0,0.0,0.0,0.0,0.0,0.0,0.0,0.0
오리온,,,,,,,,,
오리온홀딩스,6000.0,6000.0,6000.0,600.0,650.0,650.0,650.0,650.0,700.0
오리콤,200.0,200.0,220.0,220.0,220.0,220.0,220.0,220.0,270.0
오브젠,,,,,,,0.0,0.0,0.0
오비고,,,,,,,0.0,0.0,0.0
오상자이엘,0.0,0.0,0.0,0.0,0.0,0.0,0.0,0.0,0.0
오성첨단소재,0.0,0.0,0.0,0.0,0.0,0.0,0.0,0.0,0.0
오션브릿지,0.0,0.0,0.0,0.0,400.0,270.0,320.0,300.0,420.0
오스코텍,0.0,0.0,0.0,0.0,0.0,0.0,0.0,0.0,0.0
오스테오닉,0.0,0.0,0.0,0.0,0.0,0.0,0.0,0.0,0.0
오스템,40.0,60.0,50.0,30.0,20.0,20.0,30.0,20.0,20.0
오스템임플란트,0.0,0.0,0.0,0.0,0.0,0.0,630.0,300.0,0.0
오에스피,,,,,,,0.0,0.0,0.0
오이솔루션,200.0,100.0,125.0,100.0,120.0,400.0,300.0,300.0,200.0
오킨스전자,70.0,0.0,0.0,0.0,0.0,0.0,0.0,0.0,0.0
오텍,70.0,70.0,70.0,100.0,100.0,130.0,130.0,130.0,130.0
오토앤,,,,,,,0.0,0.0,0.0
오파스넷,0.0,0.0,0.0,0.0,0.0,0.0,0.0,50.0,50.0
오픈베이스,25.0,25.0,25.0,15.0,15.0,15.0,15.0,15.0,15.0
오픈엣지테크놀로지,,,,,,,0.0,0.0,0.0
오하임아이엔티,,,,,,,,,
올리패스,0.0,0.0,0.0,0.0,0.0,0.0,0.0,0.0,0.0
올릭스,,,,,,,,,
옴니시스템,0.0,0.0,0.0,0.0,0.0,0.0,0.0,0.0,0.0
옵투스제약,100.0,100.0,100.0,100.0,100.0,100.0,100.0,100.0,100.0
옵트론텍,0.0,0.0,0.0,0.0,30.0,30.0,0.0,0.0,0.0
옵티시스,50.0,50.0,50.0,70.0,70.0,50.0,50.0,100.0,200.0
옵티코어,,,,,,,0.0,0.0,0.0
옵티팜,,,,0.0,0.0,0.0,0.0,0.0,0.0
와이더플래닛,,,,,,,0.0,0.0,0.0
와이솔,100.0,200.0,250.0,250.0,250.0,250.0,250.0,250.0,250.0
와이씨켐,,,,,,,0.0,0.0,100.0
와이아이케이,,,,,,,,,
와이어블,500.0,500.0,500.0,500.0,50.0,50.0,50.0,50.0,50.0
와이엔텍,0.0,0.0,0.0,0.0,0.0,0.0,0.0,0.0,904982950.0
와이엠,,,,,,,,,
와이엠씨,0.0,0.0,200.0,300.0,200.0,0.0,150.0,150.0,250.0
와이엠텍,,,,,,,,,
와이엠티,,,,0.0,0.0,0.0,0.0,75.0,0.0
와이오엠,0.0,0.0,0.0,0.0,0.0,0.0,0.0,0.0,0.0
와이제이엠게임즈,0.0,50.0,0.0,0.0,0.0,0.0,0.0,0.0,0.0
와이즈버즈,,,,,,,,,
와이지-원,150.0,150.0,170.0,200.0,200.0,120.0,100.0,180.0,300.0
와이지엔터테인먼트,250.0,350.0,200.0,150.0,150.0,0.0,0.0,250.0,250.0
와이투솔루션,0.0,0.0,0.0,0.0,0.0,0.0,0.0,0.0,0.0
와이팜,,,,,,,100.0,0.0,0.0
와토스코리아,150.0,150.0,150.0,200.0,200.0,200.0,200.0,200.0,200.0
용평리조트,0.0,0.0,100.0,100.0,70.0,0.0,0.0,0.0,0.0
우리금융지주,,,,,,,,,
우리기술,0.0,0.0,0.0,0.0,0.0,0.0,0.0,0.0,0.0
우리기술투자,15.0,0.0,15.0,20.0,10.0,0.0,0.0,0.0,0.0
우리넷,,,,,,,,,
우리로,0.0,0.0,0.0,0.0,0.0,0.0,0.0,0.0,0.0
우리바이오,25.0,0.0,0.0,0.0,0.0,0.0,0.0,0.0,0.0
우리벤처파트너스,,,,,,,0.0,0.0,0.0
우리산업,,,,,,,,,
우리산업홀딩스,30.0,50.0,0.0,50.0,50.0,25.0,30.0,35.0,45.0
우리손에프앤지,0.0,0.0,0.0,0.0,25.0,25.0,25.0,50.0,50.0
우리엔터프라이즈,25.0,0.0,0.0,0.0,0.0,0.0,0.0,0.0,0.0
우리이앤엘,0.0,0.0,0.0,0.0,0.0,0.0,0.0,0.0,0.0
우리종금,0.0,0.0,0.0,0.0,0.0,0.0,10.0,20.0,23.0
우림피티에스,75.0,50.0,50.0,25.0,60.0,0.0,50.0,100.0,100.0
우성,,,,,,,,,
우수AMS,0.0,0.0,30.0,30.0,0.0,0.0,0.0,0.0,0.0
우신시스템,20.0,30.0,30.0,20.0,10.0,0.0,0.0,0.0,30.0
우양,,,,,,,,,
우원개발,,,,,,,,,
우정바이오,0.0,0.0,0.0,0.0,0.0,0.0,0.0,0.0,0.0
우주일렉트로,250.0,250.0,300.0,250.0,150.0,300.0,350.0,400.0,300.0
우진,,,,,,,,,
우진비앤지,20.0,0.0,0.0,0.0,0.0,0.0,0.0,0.0,0.0
우진아이엔에스,,,,4000.0,400.0,250.0,250.0,100.0,0.0
우진플라임,0.0,0.0,0.0,0.0,0.0,0.0,100.0,50.0,50.0
웅진,,,,,,,,,
웅진씽크빅,0.0,0.0,0.0,164.0,0.0,310.0,110.0,130.0,110.0
원림,350.0,250.0,500.0,250.0,0.0,250.0,500.0,250.0,350.0
원바이오젠,,,,0.0,0.0,0.0,,,
원방테크,,,,,,,930.0,300.0,300.0
원익,0.0,0.0,0.0,0.0,0.0,0.0,0.0,0.0,0.0
원익머트리얼즈,0.0,0.0,0.0,0.0,200.0,150.0,200.0,400.0,800.0
원익큐브,0.0,0.0,0.0,0.0,0.0,0.0,0.0,0.0,0.0
원익피앤이,0.0,100.0,100.0,0.0,150.0,80.0,0.0,0.0,0.0
원익홀딩스,0.0,0.0,0.0,0.0,0.0,0.0,0.0,0.0,0.0
원일특강,80.0,80.0,80.0,100.0,120.0,150.0,120.0,250.0,220.0
원준,,,,,,,0.0,0.0,200.0
원텍,,,,,,,,,
원티드랩,,,,,,,0.0,0.0,0.0
원풍,,,,,,,,,
원풍물산,,,,,,,,,
월덱스,0.0,0.0,0.0,40.0,50.0,50.0,70.0,60.0,50.0
웨스트라이즈,0.0,0.0,0.0,0.0,0.0,0.0,0.0,0.0,0.0
웨이버스,,,,,,,,,
웨이브일렉트로,0.0,0.0,0.0,0.0,0.0,0.0,0.0,0.0,0.0
웰바이오텍,0.0,0.0,0.0,0.0,0.0,0.0,0.0,0.0,0.0
웰크론,0.0,0.0,0.0,0.0,0.0,0.0,0.0,50.0,0.0
웰크론한텍,0.0,0.0,0.0,0.0,0.0,0.0,0.0,0.0,0.0
웰킵스하이텍,0.0,0.0,0.0,0.0,0.0,0.0,0.0,0.0,0.0
웹스,0.0,0.0,0.0,0.0,0.0,0.0,0.0,0.0,0.0
웹케시,0.0,0.0,0.0,130.0,150.0,200.0,250.0,100.0,0.0
위니아,0.0,0.0,0.0,50.0,0.0,0.0,0.0,0.0,0.0
위니아에이드,,,,,,,0.0,0.0,0.0
위닉스,,,,,,,,,
위더스제약,,,,,,,48.0,48.0,0.0
위드텍,,,,,,,,,
위메이드,0.0,0.0,600.0,600.0,600.0,600.0,600.0,650.0,750.0
위메이드맥스,0.0,0.0,0.0,0.0,0.0,0.0,0.0,0.0,0.0
위메이드플레이,0.0,0.0,0.0,0.0,0.0,0.0,0.0,0.0,0.0
위세아이텍,,,,50.0,25.0,50.0,150.0,150.0,150.0
위즈코프,0.0,0.0,0.0,20.0,20.0,0.0,20.0,0.0,0.0
위지윅스튜디오,,,,0.0,0.0,0.0,0.0,0.0,0.0
위지트,0.0,0.0,0.0,0.0,0.0,0.0,0.0,0.0,0.0
윈스,,,,,,,,,
윈텍,,,,,,,,,
윈팩,0.0,0.0,0.0,0.0,0.0,0.0,0.0,0.0,0.0
윈하이텍,100.0,70.0,30.0,80.0,120.0,0.0,0.0,0.0,0.0
윌링스,,,,250.0,6.0,80.0,80.0,80.0,0.0
윌비스,20.0,20.0,0.0,0.0,0.0,0.0,0.0,0.0,0.0
윙스풋,,,,,,,,,
윙입푸드,,,,0.0,0.0,0.0,0.0,0.0,0.0
유나이티드제약,,,,,,,,,
유니드,1100.0,1100.0,1100.0,1100.0,1100.0,1200.0,1400.0,1700.0,2000.0
유니드비티플러스,,,,,,,0.0,0.0,0.0
유니셈,0.0,60.0,40.0,60.0,60.0,50.0,80.0,120.0,100.0
유니슨,0.0,0.0,0.0,0.0,0.0,0.0,0.0,0.0,0.0
유니온,,,,,,,,,
유니온머티리얼,35.0,35.0,35.0,50.0,35.0,50.0,20.0,35.0,35.0
유니온커뮤니티,0.0,0.0,0.0,70.0,70.0,70.0,70.0,0.0,0.0
유니켐,,,,,,,,,
유니퀘스트,750.0,200.0,80.0,100.0,100.0,150.0,125.0,300.0,200.0
유니크,,,,,,,,,
유니테스트,80.0,200.0,150.0,200.0,400.0,250.0,0.0,0.0,0.0
유니테크노,0.0,0.0,0.0,0.0,0.0,0.0,0.0,0.0,0.0
유니트론텍,0.0,832.0,150.0,70.0,80.0,100.0,50.0,75.0,100.0
유라테크,100.0,135.0,135.0,65.0,65.0,100.0,50.0,100.0,100.0
유바이오로직스,0.0,0.0,0.0,0.0,0.0,0.0,0.0,0.0,0.0
유비벨록스,0.0,0.0,0.0,0.0,0.0,0.0,0.0,0.0,0.0
유비온,0.0,0.0,0.0,0.0,0.0,0.0,0.0,0.0,0.0
유비케어,0.0,30.0,30.0,30.0,35.0,40.0,50.0,40.0,60.0
유비쿼스,,,,500.0,600.0,450.0,320.0,560.0,420.0
유비쿼스홀딩스,200.0,300.0,250.0,0.0,150.0,130.0,170.0,350.0,250.0
유성기업,130.0,120.0,120.0,120.0,100.0,200.0,120.0,120.0,120.0
유성티엔에스,10.0,10.0,10.0,15.0,15.0,15.0,15.0,0.0,0.0
유수홀딩스,0.0,75.0,50.0,0.0,0.0,0.0,500.0,400.0,400.0
유신,,,,,,,,,
유아이디,100.0,0.0,0.0,0.0,0.0,0.0,0.0,0.0,0.0
유아이엘,600.0,620.0,700.0,500.0,400.0,400.0,0.0,0.0,0.0
유안타증권,0.0,0.0,0.0,0.0,0.0,0.0,125.0,180.0,110.0
유에스티,,,,,,,,,
유엔젤,100.0,100.0,0.0,0.0,0.0,0.0,0.0,0.0,0.0
유유제약,180.0,180.0,180.0,190.0,200.0,210.0,210.0,105.0,105.0
유일로보틱스,,,,,,,0.0,0.0,0.0
유일에너테크,,,,,,,0.0,0.0,0.0
유진기업,50.0,70.0,150.0,150.0,150.0,150.0,170.0,170.0,170.0
유진로봇,0.0,0.0,0.0,0.0,0.0,0.0,0.0,0.0,0.0
유진투자증권,,,,,,,,,
유티아이,,,,64.0,100.0,100.0,100.0,50.0,0.0
유틸렉스,,,,0.0,0.0,0.0,0.0,0.0,0.0
유한양행,1750.0,2000.0,2000.0,2000.0,2000.0,2000.0,400.0,400.0,400.0
유화증권,450.0,700.0,850.0,600.0,750.0,600.0,110.0,130.0,110.0
육일씨엔에쓰,0.0,0.0,0.0,0.0,0.0,0.0,0.0,0.0,0.0
윤성에프앤씨,,,,,,,166.0,0.0,150.0
율촌화학,500.0,500.0,500.0,500.0,500.0,500.0,500.0,500.0,250.0
율호,0.0,0.0,0.0,0.0,0.0,0.0,0.0,0.0,0.0
이건산업,150.0,150.0,150.0,250.0,200.0,200.0,200.0,200.0,100.0
이건홀딩스,30.0,30.0,30.0,50.0,70.0,70.0,70.0,70.0,50.0
이구산업,20.0,0.0,50.0,80.0,0.0,30.0,30.0,50.0,50.0
이글루,30.0,30.0,50.0,70.0,140.0,140.0,160.0,160.0,180.0
이글벳,60.0,60.0,20.0,20.0,20.0,20.0,40.0,50.0,40.0
이노뎁,,,,,,,0.0,0.0,0.0
이노룰스,,,,,,,150.0,25.0,110.0
이노메트리,,,,0.0,200.0,400.0,0.0,0.0,0.0
이노션,700.0,900.0,950.0,1000.0,1500.0,1500.0,1800.0,1800.0,2150.0
이노시스,0.0,0.0,0.0,0.0,0.0,0.0,0.0,0.0,0.0
이노와이어리스,0.0,0.0,0.0,0.0,0.0,250.0,250.0,250.0,350.0
이노진,,,,0.0,0.0,0.0,0.0,0.0,0.0
이노테라피,,,,0.0,0.0,0.0,0.0,0.0,0.0
이녹스,0.0,0.0,0.0,0.0,0.0,0.0,0.0,0.0,0.0
이니텍,0.0,0.0,0.0,0.0,20.0,20.0,20.0,20.0,20.0
이라이콤,500.0,700.0,770.0,200.0,400.0,100.0,600.0,300.0,300.0
이랜시스,,,,,,,,,
이랜텍,50.0,75.0,80.0,0.0,0.0,100.0,50.0,100.0,150.0
이루다,,,,,,,,,
이루온,0.0,0.0,0.0,0.0,0.0,0.0,0.0,0.0,0.0
이리츠코크렙,,,,118.0,175.0,175.0,179.0,204.0,210.0
이마트,1500.0,1500.0,1500.0,1750.0,2000.0,2000.0,2000.0,2000.0,2000.0
이미지스,0.0,0.0,0.0,0.0,0.0,0.0,0.0,0.0,0.0
이베스트투자증권,73.0,510.0,515.0,485.0,485.0,345.0,550.0,600.0,100.0
이브이첨단소재,0.0,0.0,0.0,25.0,30.0,0.0,0.0,0.0,0.0
이삭엔지니어링,,,,,,,0.0,0.0,0.0
이상네트웍스,40.0,0.0,50.0,100.0,0.0,100.0,100.0,100.0,100.0
이수앱지스,0.0,0.0,0.0,0.0,0.0,0.0,0.0,0.0,0.0
이수페타시스,80.0,90.0,100.0,70.0,70.0,60.0,0.0,0.0,100.0
이수화학,100.0,300.0,500.0,500.0,400.0,400.0,300.0,500.0,500.0
이스타코,0.0,0.0,0.0,0.0,0.0,0.0,0.0,0.0,0.0
이스트소프트,0.0,0.0,0.0,0.0,0.0,0.0,0.0,0.0,0.0
이스트아시아홀딩스,0.0,0.0,0.0,0.0,0.0,0.0,0.0,0.0,0.0
이씨에스,200.0,220.0,250.0,200.0,200.0,120.0,100.0,130.0,150.0
이아이디,0.0,0.0,0.0,0.0,0.0,0.0,0.0,0.0,0.0
이엔에프테크놀로지,50.0,50.0,50.0,100.0,100.0,150.0,150.0,150.0,150.0
이엔코퍼레이션,0.0,0.0,0.0,0.0,0.0,0.0,0.0,0.0,0.0
이엔플러스,0.0,0.0,0.0,0.0,0.0,0.0,0.0,0.0,0.0
이엘피,0.0,0.0,0.0,0.0,150.0,0.0,120.0,60.0,60.0
이엠넷,40.0,50.0,20.0,30.0,20.0,30.0,50.0,200.0,90.0
이엠앤아이,0.0,0.0,0.0,0.0,0.0,0.0,0.0,0.0,0.0
이엠코리아,0.0,0.0,0.0,0.0,0.0,0.0,0.0,0.0,0.0
이엠텍,0.0,0.0,200.0,100.0,150.0,0.0,0.0,150.0,150.0
이연제약,250.0,300.0,350.0,350.0,500.0,350.0,200.0,250.0,150.0
이원컴포텍,0.0,0.0,0.0,0.0,0.0,0.0,0.0,0.0,0.0
이월드,0.0,0.0,0.0,0.0,0.0,0.0,0.0,0.0,0.0
이즈미디어,,,,0.0,50.0,0.0,0.0,0.0,0.0
이지바이오,,,,,,,75.0,75.0,75.0
이지스레지던스리츠,,,,,,,130.0,132.0,133.0
이지스밸류리츠,,,,,,,,,
이지케어텍,,,,82.0,85.0,86.0,86.0,86.0,0.0
이지트로닉스,,,,,,,0.0,0.0,120.0
이지홀딩스,50.0,50.0,50.0,50.0,75.0,50.0,50.0,50.0,75.0
이큐셀,0.0,0.0,0.0,0.0,0.0,0.0,0.0,0.0,0.0
이크레더블,350.0,420.0,530.0,530.0,670.0,740.0,700.0,2720.0,1040.0
이트론,0.0,0.0,0.0,0.0,0.0,0.0,0.0,0.0,0.0
이퓨쳐,0.0,0.0,0.0,0.0,0.0,0.0,0.0,0.0,0.0
이화공영,35.0,35.0,35.0,40.0,20.0,10.0,10.0,0.0,0.0
이화산업,,,,,,,,,
이화전기,0.0,0.0,0.0,0.0,0.0,0.0,0.0,0.0,0.0
인디에프,0.0,0.0,0.0,0.0,0.0,0.0,0.0,0.0,0.0
인바디,60.0,80.0,100.0,120.0,120.0,140.0,140.0,200.0,300.0
인바이오,,,,,,,0.0,0.0,0.0
인바이오젠,0.0,0.0,0.0,0.0,0.0,0.0,0.0,0.0,0.0
인베니아,0.0,0.0,0.0,10.0,60.0,0.0,0.0,0.0,0.0
인벤티지랩,,,,,,,0.0,0.0,0.0
인산가,0.0,0.0,30.0,,,,,,
인선이엔티,0.0,0.0,0.0,0.0,0.0,0.0,0.0,0.0,0.0
인성정보,0.0,0.0,0.0,0.0,0.0,0.0,0.0,0.0,0.0
인스코비,0.0,0.0,0.0,0.0,0.0,0.0,0.0,0.0,0.0
인지디스플레,50.0,50.0,50.0,75.0,75.0,75.0,100.0,50.0,50.0
인지소프트,,,,,,,,,
인지컨트롤스,100.0,150.0,100.0,150.0,100.0,100.0,100.0,150.0,200.0
인천도시가스,1250.0,1250.0,1250.0,1250.0,1250.0,1250.0,1250.0,1250.0,1250.0
인카금융서비스,0.0,0.0,0.0,0.0,0.0,0.0,0.0,0.0,300.0
인콘,0.0,0.0,0.0,0.0,0.0,0.0,0.0,0.0,0.0
인크로스,0.0,0.0,0.0,0.0,0.0,0.0,0.0,722.0,389.0
인터로조,70.0,120.0,180.0,300.0,300.0,300.0,300.0,450.0,600.0
인터엠,120.0,120.0,120.0,120.0,120.0,100.0,0.0,0.0,0.0
인터지스,150.0,100.0,120.0,120.0,0.0,0.0,0.0,100.0,120.0
인터플렉스,0.0,0.0,0.0,0.0,0.0,0.0,0.0,0.0,0.0
인텍플러스,0.0,0.0,0.0,0.0,0.0,0.0,100.0,200.0,200.0
인텔리안테크,0.0,0.0,100.0,100.0,100.0,100.0,100.0,100.0,100.0
인트로메딕,0.0,0.0,0.0,0.0,0.0,0.0,0.0,0.0,0.0
인트론바이오,0.0,0.0,0.0,0.0,0.0,0.0,0.0,0.0,0.0
인팩,140.0,140.0,150.0,130.0,130.0,120.0,150.0,180.0,180.0
인포마크,0.0,0.0,0.0,0.0,0.0,0.0,0.0,0.0,0.0
인포바인,0.0,1750.0,900.0,1080.0,950.0,900.0,900.0,900.0,900.0
인포뱅크,0.0,0.0,30.0,50.0,50.0,10.0,10.0,80.0,20.0
인피니트헬스케어,0.0,0.0,0.0,0.0,0.0,0.0,0.0,0.0,0.0
인화정공,50.0,50.0,50.0,50.0,0.0,0.0,0.0,0.0,0.0
일동제약,0.0,0.0,300.0,400.0,400.0,0.0,0.0,0.0,0.0
일동홀딩스,200.0,300.0,150.0,200.0,200.0,100.0,100.0,100.0,100.0
일성건설,0.0,0.0,200.0,0.0,0.0,15.0,15.0,30.0,5.0
일성신약,500.0,750.0,750.0,750.0,750.0,750.0,750.0,750.0,20000.0
일승,,,,,,,,,
일신바이오,5.0,0.0,0.0,0.0,5.0,0.0,0.0,0.0,0.0
일신방직,1750.0,2500.0,2800.0,1500.0,2000.0,1500.0,1500.0,3000.0,5000.0
일신석재,0.0,0.0,0.0,0.0,0.0,0.0,0.0,0.0,0.0
일야,70.0,110.0,0.0,0.0,0.0,0.0,0.0,0.0,0.0
일양약품,0.0,0.0,100.0,0.0,0.0,120.0,120.0,200.0,150.0
일월지엠엘,0.0,0.0,0.0,0.0,0.0,0.0,0.0,0.0,0.0
일정실업,1250.0,1250.0,1250.0,500.0,0.0,0.0,0.0,0.0,0.0
일지테크,100.0,100.0,150.0,70.0,25.0,0.0,0.0,0.0,0.0
일진다이아,100.0,150.0,100.0,250.0,250.0,300.0,300.0,400.0,300.0
일진디스플,100.0,0.0,0.0,100.0,50.0,0.0,0.0,0.0,0.0
일진전기,80.0,80.0,60.0,0.0,0.0,0.0,60.0,100.0,130.0
일진파워,161.0,165.0,186.0,212.0,330.0,300.0,300.0,330.0,330.0
일진하이솔루스,,,,,,,0.0,0.0,0.0
일진홀딩스,70.0,70.0,30.0,0.0,70.0,100.0,100.0,150.0,150.0
잇츠한불,905.0,1915.0,701.0,600.0,150.0,100.0,100.0,200.0,150.0
잉글우드랩,0.0,0.0,0.0,0.0,0.0,0.0,0.0,0.0,0.0
잉크테크,0.0,0.0,0.0,0.0,0.0,0.0,0.0,0.0,0.0
자람테크놀로지,,,,,,,0.0,0.0,0.0
자비스,0.0,0.0,0.0,,,,,,
자연과환경,0.0,0.0,0.0,0.0,0.0,0.0,0.0,0.0,0.0
자이글,1172.0,1163.0,300.0,0.0,0.0,0.0,0.0,0.0,0.0
자이언트스텝,,,,,,,0.0,0.0,0.0
자이에스앤디,,,,900.0,0.0,100.0,150.0,200.0,300.0
자화전자,400.0,400.0,400.0,450.0,200.0,0.0,0.0,0.0,0.0
장원테크,0.0,50.0,200.0,0.0,0.0,0.0,0.0,0.0,0.0
재영솔루텍,0.0,0.0,0.0,0.0,0.0,0.0,0.0,0.0,0.0
저스템,,,,,,,0.0,0.0,0.0
전방,0.0,0.0,0.0,500.0,0.0,0.0,0.0,0.0,1000.0
전진바이오팜,0.0,0.0,0.0,,,,0.0,0.0,0.0
정다운,,,,,,,,,
정상제이엘에스,420.0,420.0,430.0,430.0,430.0,430.0,430.0,530.0,530.0
정원엔시스,0.0,0.0,0.0,0.0,0.0,0.0,0.0,0.0,0.0
제너셈,50.0,50.0,0.0,0.0,0.0,50.0,0.0,0.0,75.0
제넥신,0.0,0.0,0.0,0.0,0.0,0.0,0.0,0.0,0.0
제넨바이오,0.0,0.0,0.0,0.0,0.0,0.0,0.0,0.0,0.0
제노레이,,,,0.0,300.0,400.0,120.0,170.0,160.0
제노코,,,,,,,0.0,50.0,50.0
제노포커스,0.0,0.0,0.0,0.0,0.0,0.0,0.0,0.0,0.0
제놀루션,0.0,0.0,0.0,0.0,0.0,0.0,700.0,400.0,0.0
제닉,0.0,0.0,0.0,0.0,0.0,0.0,0.0,0.0,0.0
제로투세븐,0.0,0.0,0.0,0.0,0.0,0.0,0.0,0.0,0.0
제룡산업,50.0,70.0,75.0,100.0,100.0,100.0,150.0,100.0,150.0
제룡전기,50.0,55.0,50.0,50.0,50.0,50.0,50.0,50.0,150.0
제우스,150.0,300.0,200.0,200.0,300.0,200.0,200.0,100.0,350.0
제이브이엠,0.0,0.0,320.0,300.0,350.0,400.0,400.0,200.0,300.0
제이스코홀딩스,0.0,0.0,0.0,0.0,0.0,0.0,0.0,0.0,0.0
제이스텍,50.0,50.0,100.0,500.0,100.0,50.0,50.0,50.0,200.0
제이시스메디칼,,,,0.0,0.0,0.0,,,
제이씨케미칼,0.0,60.0,100.0,60.0,60.0,60.0,90.0,150.0,160.0
제이씨현시스템,15.0,15.0,25.0,100.0,70.0,0.0,70.0,110.0,0.0
제이아이테크,,,,,,,0.0,0.0,0.0
제이알글로벌리츠,,,,,,,190.0,190.0,190.0
제이앤티씨,,,,45.0,0.0,0.0,0.0,0.0,0.0
제이에스코퍼레이션,0.0,250.0,250.0,300.0,450.0,500.0,450.0,600.0,850.0
제이에스티나,100.0,100.0,100.0,50.0,50.0,0.0,0.0,100.0,100.0
제이엔케이히터,0.0,100.0,50.0,50.0,0.0,0.0,0.0,0.0,0.0
제이엘케이,,,,0.0,0.0,0.0,0.0,0.0,0.0
제이엠아이,20.0,0.0,0.0,0.0,0.0,0.0,0.0,0.0,0.0
제이엠티,50.0,0.0,0.0,0.0,100.0,50.0,50.0,150.0,150.0
제이오,,,,,,,,,
제이준코스메틱,0.0,0.0,0.0,0.0,0.0,0.0,0.0,0.0,0.0
제이티,130.0,0.0,0.0,0.0,0.0,0.0,0.0,0.0,0.0
제일기획,0.0,300.0,300.0,760.0,770.0,820.0,840.0,990.0,1150.0
제일바이오,0.0,0.0,0.0,0.0,0.0,0.0,0.0,0.0,0.0
제일약품,,,,70.0,60.0,70.0,70.0,65.0,50.0
제일연마,200.0,160.0,160.0,180.0,200.0,220.0,220.0,270.0,270.0
제일전기공업,,,,,,,0.0,300.0,200.0
제일테크노스,800.0,80.0,60.0,80.0,100.0,90.0,30.0,50.0,120.0
제일파마홀딩스,60.0,60.0,70.0,60.0,70.0,70.0,70.0,65.0,50.0
제주맥주,,,,,,,0.0,0.0,0.0
제주반도체,0.0,0.0,0.0,0.0,0.0,0.0,0.0,0.0,0.0
제주은행,100.0,100.0,100.0,100.0,100.0,100.0,100.0,100.0,100.0
제주항공,0.0,400.0,500.0,600.0,650.0,0.0,0.0,0.0,0.0
제테마,,,,0.0,0.0,0.0,0.0,0.0,0.0
젠큐릭스,0.0,0.0,0.0,0.0,0.0,0.0,0.0,0.0,0.0
젬백스,0.0,0.0,0.0,0.0,0.0,0.0,0.0,0.0,0.0
젬백스링크,50.0,0.0,0.0,0.0,0.0,10.0,0.0,0.0,0.0
조광ILI,80.0,80.0,80.0,80.0,100.0,0.0,0.0,0.0,0.0
조광페인트,200.0,250.0,400.0,250.0,100.0,200.0,200.0,100.0,100.0
조광피혁,0.0,0.0,0.0,0.0,0.0,0.0,300.0,300.0,0.0
조비,0.0,0.0,0.0,0.0,0.0,0.0,0.0,0.0,0.0
조선내화,4000.0,4000.0,3500.0,3500.0,4000.0,4000.0,4200.0,4500.0,4500.0
조선선재,0.0,0.0,1500.0,1500.0,1500.0,1500.0,1500.0,1500.0,1500.0
조아제약,0.0,0.0,0.0,0.0,0.0,0.0,0.0,0.0,0.0
조이시티,0.0,0.0,0.0,0.0,0.0,0.0,0.0,0.0,0.0
조일알미늄,0.0,15.0,15.0,15.0,0.0,0.0,0.0,0.0,0.0
조흥,,,,,,,,,
종근당,800.0,600.0,900.0,900.0,900.0,900.0,1000.0,1000.0,1000.0
종근당바이오,100.0,350.0,400.0,400.0,200.0,200.0,200.0,100.0,0.0
종근당홀딩스,700.0,1200.0,1400.0,900.0,1300.0,1300.0,1400.0,1400.0,1400.0
좋은사람들,10.0,0.0,0.0,0.0,0.0,0.0,0.0,0.0,0.0
주연테크,0.0,0.0,0.0,0.0,0.0,0.0,0.0,0.0,0.0
줌인터넷,0.0,0.0,0.0,,,,,,
중앙디앤엠,0.0,0.0,0.0,0.0,0.0,0.0,0.0,0.0,0.0
중앙백신,50.0,50.0,50.0,50.0,50.0,50.0,70.0,100.0,100.0
중앙에너비스,200.0,800.0,800.0,880.0,160.0,160.0,480.0,320.0,320.0
지나인제약,0.0,0.0,0.0,0.0,0.0,0.0,0.0,0.0,0.0
지노믹트리,0.0,0.0,0.0,0.0,0.0,0.0,0.0,0.0,0.0
지놈앤컴퍼니,,,,0.0,0.0,0.0,0.0,0.0,0.0
지누스,0.0,0.0,0.0,0.0,0.0,1250.0,800.0,850.0,530.0
지니너스,,,,,,,0.0,0.0,0.0
지니뮤직,0.0,0.0,0.0,0.0,0.0,0.0,0.0,0.0,0.0
지니언스,,,,100.0,0.0,0.0,0.0,120.0,150.0
지니틱스,,,,,,,,,
지더블유바이텍,0.0,0.0,0.0,0.0,0.0,0.0,0.0,0.0,0.0
지란지교시큐리티,,,,,,,,,
지씨셀,50.0,0.0,75.0,50.0,35.0,25.0,100.0,0.0,350.0
지아이이노베이션,,,,,,,0.0,0.0,0.0
지아이텍,,,,,,,,,
지앤비에스 에코,,,,,,,0.0,0.0,0.0
지어소프트,0.0,0.0,0.0,0.0,0.0,0.0,0.0,0.0,0.0
지에스이,,,,,,,,,
지엔씨에너지,70.0,80.0,120.0,60.0,50.0,50.0,50.0,50.0,50.0
지엔원에너지,,,,,,,,,
지엔코,0.0,0.0,0.0,0.0,0.0,0.0,0.0,0.0,0.0
지엘팜텍,,,,,,,,,
지엠비코리아,,,,,,,,,
지역난방공사,2110.0,3620.0,3800.0,2820.0,0.0,0.0,965.0,797.0,0.0
지오엘리먼트,,,,,,,0.0,100.0,100.0
지투알,200.0,200.0,250.0,250.0,250.0,300.0,300.0,350.0,400.0
지투파워,,,,,,,0.0,0.0,0.0
지티지웰니스,0.0,0.0,0.0,0.0,0.0,0.0,0.0,0.0,0.0
진도,0.0,150.0,200.0,270.0,150.0,100.0,0.0,40.0,70.0
진로발효,1000.0,1100.0,1210.0,1100.0,1200.0,1350.0,1350.0,1150.0,450.0
진매트릭스,0.0,0.0,0.0,0.0,0.0,0.0,0.0,0.0,0.0
진바이오텍,,,,,,,,,
진성티이씨,120.0,150.0,160.0,180.0,200.0,200.0,200.0,200.0,300.0
진시스템,,,,,,,0.0,0.0,0.0
진양산업,,,,,,,,,
진양제약,100.0,100.0,100.0,100.0,100.0,100.0,100.0,100.0,150.0
진양폴리,,,,,,,,,
진양홀딩스,165.0,140.0,140.0,140.0,150.0,170.0,170.0,170.0,200.0
진양화학,215.0,125.0,75.0,0.0,0.0,0.0,0.0,0.0,0.0
진에어,,,,250.0,300.0,0.0,0.0,0.0,0.0
진원생명과학,0.0,0.0,0.0,0.0,0.0,0.0,0.0,0.0,0.0
진흥기업,,,,,,,,,
차바이오텍,,,,,,,,,
차백신연구소,,,,,,,0.0,0.0,0.0
참엔지니어링,,,,,,,,,
참좋은여행,,,,,,,,,
창해에탄올,500.0,500.0,500.0,600.0,600.0,600.0,600.0,600.0,500.0
천일고속,0.0,6000.0,8000.0,15300.0,6000.0,5000.0,3000.0,2500.0,0.0
청담글로벌,,,,,,,0.0,0.0,0.0
청호ICT,0.0,0.0,0.0,0.0,0.0,0.0,0.0,0.0,0.0
체리부로,,,,100.0,50.0,0.0,0.0,0.0,0.0
체시스,0.0,0.0,0.0,0.0,0.0,0.0,0.0,0.0,0.0
초록뱀미디어,0.0,0.0,0.0,0.0,0.0,0.0,0.0,0.0,0.0
초록뱀이앤엠,0.0,0.0,0.0,0.0,0.0,0.0,0.0,0.0,0.0
초록뱀컴퍼니,0.0,0.0,0.0,0.0,0.0,0.0,0.0,0.0,0.0
칩스앤미디어,0.0,170.0,95.0,0.0,72.0,152.0,50.0,163.0,196.0
카나리아바이오,,,,300.0,100.0,100.0,100.0,100.0,0.0
카스,25.0,25.0,25.0,20.0,20.0,10.0,10.0,15.0,10.0
카이노스메드,0.0,0.0,0.0,0.0,0.0,0.0,,,
카카오,,,,,,,,,
카카오뱅크,,,,,,,0.0,0.0,80.0
카카오페이,,,,,,,0.0,0.0,0.0
카페24,0.0,0.0,0.0,0.0,0.0,0.0,0.0,0.0,0.0
카프로,0.0,0.0,0.0,50.0,50.0,0.0,0.0,0.0,0.0
캐리소프트,,,,0.0,0.0,0.0,0.0,0.0,0.0
캐스텍코리아,120.0,130.0,130.0,100.0,20.0,0.0,0.0,0.0,0.0
캠시스,0.0,0.0,0.0,0.0,0.0,0.0,0.0,0.0,0.0
커넥트웨이브,220.0,250.0,300.0,230.0,320.0,400.0,0.0,0.0,0.0
커머스마이너,0.0,100.0,0.0,0.0,0.0,0.0,0.0,0.0,0.0
컨버즈,0.0,0.0,0.0,0.0,0.0,0.0,0.0,0.0,0.0
컬러레이,,,,88.0,0.0,0.0,0.0,0.0,0.0
컴투스,0.0,0.0,1400.0,1400.0,1400.0,1400.0,1500.0,1300.0,1300.0
컴투스홀딩스,0.0,0.0,0.0,0.0,0.0,0.0,0.0,0.0,0.0
컴퍼니케이,,,,0.0,0.0,160.0,190.0,250.0,0.0
케스피온,0.0,0.0,0.0,0.0,0.0,0.0,0.0,0.0,0.0
케어랩스,,,,0.0,0.0,0.0,0.0,0.0,0.0
케어젠,0.0,600.0,1000.0,1200.0,600.0,2800.0,2000.0,2300.0,2700.0
케이디켐,,,,,,,,,
케이비아이동국실업,0.0,0.0,0.0,0.0,0.0,0.0,0.0,0.0,0.0
케이사인,,,,,,,,,
케이씨,,,,,,,,,
케이씨에스,,,,,,,,,
케이씨텍,,,,180.0,270.0,200.0,220.0,220.0,250.0
케이씨티,,,,,,,,,
케이씨피드,25.0,35.0,35.0,35.0,25.0,15.0,20.0,40.0,50.0
케이아이엔엑스,80.0,100.0,120.0,220.0,400.0,500.0,500.0,500.0,600.0
케이알엠,0.0,0.0,0.0,0.0,0.0,0.0,0.0,0.0,0.0
케이에스피,0.0,0.0,0.0,0.0,0.0,0.0,0.0,0.0,0.0
케이엔더블유,100.0,0.0,0.0,0.0,0.0,0.0,0.0,0.0,0.0
케이엔제이,,,,0.0,0.0,0.0,0.0,0.0,0.0
케이엘넷,0.0,15.0,20.0,30.0,30.0,60.0,60.0,80.0,80.0
케이엠,,,,,,,,,
케이엠더블유,0.0,0.0,0.0,0.0,0.0,0.0,0.0,0.0,0.0
케이엠제약,2500.0,2500.0,50.0,,,,,,
케이옥션,,,,,,,0.0,0.0,35.0
케이카,,,,,,,2600.0,750.0,760.0
케이탑리츠,320.0,30.0,20.0,20.0,20.0,25.0,80.0,40.0,108.0
케이티알파,0.0,0.0,0.0,0.0,0.0,0.0,0.0,0.0,0.0
케이프,0.0,0.0,0.0,0.0,0.0,0.0,0.0,0.0,0.0
케이피에스,,,,,,,,,
케이피에프,100.0,150.0,150.0,150.0,160.0,160.0,130.0,0.0,140.0
케이피엠테크,0.0,0.0,0.0,0.0,0.0,0.0,0.0,0.0,0.0
케이피티유,0.0,50.0,50.0,50.0,50.0,0.0,0.0,0.0,0.0
케일럼,,,,0.0,0.0,0.0,0.0,0.0,0.0
켄코아에어로스페이스,,,,0.0,0.0,0.0,0.0,0.0,0.0
켐트로닉스,0.0,0.0,0.0,0.0,0.0,300.0,250.0,300.0,200.0
켐트로스,,,,,,,,,
코나아이,250.0,325.0,0.0,0.0,0.0,0.0,0.0,0.0,0.0
코난테크놀로지,,,,,,,0.0,0.0,0.0
코닉오토메이션,,,,,,,,,
코다코,50.0,55.0,50.0,55.0,0.0,0.0,0.0,0.0,0.0
코데즈컴바인,0.0,0.0,0.0,0.0,0.0,0.0,0.0,0.0,0.0
코드네이처,0.0,0.0,0.0,0.0,0.0,0.0,0.0,0.0,0.0
코디,0.0,0.0,0.0,0.0,0.0,0.0,0.0,0.0,0.0
코람코더원리츠,,,,,,,0.0,0.0,62.0
코람코에너지리츠,,,,,,,166.0,319.0,177.0
코렌텍,0.0,0.0,0.0,0.0,0.0,0.0,0.0,0.0,0.0
코리아나,,,,,,,,,
코리아써키트,100.0,100.0,100.0,0.0,0.0,0.0,0.0,0.0,0.0
코리아에셋투자증권,,,,,,,300.0,450.0,700.0
코리아에프티,,,,,,,,,
코리안리,225.0,350.0,325.0,300.0,275.0,500.0,450.0,525.0,430.0
코맥스,50.0,50.0,50.0,50.0,50.0,50.0,50.0,50.0,50.0
코메론,150.0,120.0,160.0,130.0,140.0,200.0,200.0,200.0,250.0
코미팜,0.0,0.0,0.0,0.0,0.0,0.0,0.0,0.0,0.0
코세스,0.0,0.0,0.0,0.0,0.0,0.0,0.0,0.0,0.0
코센,,,,,,,,,
코스나인,,,,,,,,,
코스맥스,500.0,700.0,1000.0,300.0,600.0,900.0,0.0,550.0,0.0
코스맥스비티아이,240.0,130.0,200.0,100.0,140.0,250.0,200.0,260.0,0.0
코스맥스엔비티,0.0,0.0,0.0,0.0,111.0,0.0,0.0,0.0,0.0
코스메카코리아,0.0,0.0,0.0,200.0,1200.0,0.0,0.0,0.0,0.0
코스모신소재,0.0,0.0,0.0,0.0,0.0,0.0,0.0,0.0,0.0
코스모화학,0.0,0.0,0.0,0.0,0.0,0.0,0.0,0.0,0.0
코스온,0.0,0.0,0.0,0.0,0.0,0.0,0.0,0.0,0.0
코스텍시스,,,,,,,,,
코아스,0.0,0.0,0.0,0.0,0.0,0.0,0.0,0.0,0.0
코아스템켐온,0.0,0.0,0.0,0.0,0.0,0.0,0.0,0.0,0.0
코아시아,0.0,0.0,0.0,0.0,0.0,60.0,0.0,0.0,0.0
코아시아씨엠,,,,,,,,,
코엔텍,,,,,,,,,
코오롱,500.0,500.0,500.0,500.0,500.0,500.0,500.0,550.0,550.0
코오롱글로벌,3475.0,1737.0,0.0,150.0,100.0,350.0,400.0,500.0,400.0
코오롱모빌리티그룹,,,,,,,,,
코오롱생명과학,200.0,100.0,200.0,0.0,0.0,0.0,0.0,0.0,0.0
코오롱인더,500.0,500.0,1100.0,1100.0,900.0,900.0,1000.0,1300.0,1300.0
코오롱티슈진,,,,0.0,0.0,0.0,0.0,0.0,0.0
코오롱플라스틱,50.0,75.0,100.0,120.0,120.0,70.0,0.0,145.0,180.0
코웨이,2000.0,2800.0,3200.0,3200.0,3600.0,2400.0,1200.0,1250.0,1300.0
코웰패션,,,,,,,,,
코위버,130.0,100.0,70.0,100.0,150.0,200.0,80.0,70.0,50.0
코윈테크,,,,1250.0,500.0,470.0,200.0,100.0,100.0
코이즈,0.0,0.0,55.0,0.0,0.0,0.0,0.0,0.0,0.0
코콤,50.0,100.0,125.0,165.0,195.0,160.0,155.0,110.0,0.0
코텍,,,,,,,,,
코퍼스코리아,,,,,,,,,
콘텐트리중앙,0.0,0.0,0.0,0.0,0.0,0.0,0.0,0.0,0.0
콤텍시스템,0.0,0.0,0.0,0.0,0.0,0.0,0.0,0.0,0.0
쿠콘,,,,0.0,0.0,0.0,0.0,100.0,100.0
쿠쿠홀딩스,1500.0,2100.0,3100.0,4100.0,3000.0,3000.0,0.0,0.0,0.0
쿠쿠홈시스,,,,,,,,,
퀀타매트릭스,,,,,,,0.0,0.0,0.0
큐라클,,,,,,,0.0,0.0,0.0
큐렉소,0.0,0.0,0.0,0.0,0.0,0.0,0.0,0.0,0.0
큐로,0.0,0.0,0.0,0.0,0.0,0.0,0.0,0.0,0.0
큐로컴,0.0,0.0,0.0,0.0,0.0,0.0,0.0,0.0,0.0
큐로홀딩스,0.0,0.0,0.0,0.0,0.0,0.0,0.0,0.0,0.0
큐리언트,0.0,0.0,0.0,0.0,0.0,0.0,0.0,0.0,0.0
큐브엔터,0.0,0.0,0.0,0.0,0.0,0.0,0.0,0.0,0.0
큐알티,,,,,,,7538.0,0.0,480.0
큐에스아이,0.0,50.0,0.0,50.0,20.0,50.0,50.0,100.0,100.0
큐캐피탈,0.0,0.0,0.0,0.0,0.0,0.0,0.0,0.0,0.0
크라운제과,,,,250.0,250.0,250.0,250.0,250.0,250.0
크라운해태홀딩스,1000.0,2000.0,200.0,100.0,100.0,100.0,100.0,100.0,100.0
크래프톤,0.0,0.0,0.0,0.0,0.0,0.0,0.0,0.0,0.0
크레버스,800.0,800.0,800.0,800.0,800.0,1000.0,800.0,2000.0,1800.0
크루셜텍,0.0,0.0,0.0,0.0,0.0,0.0,0.0,0.0,0.0
크리스에프앤씨,,,,1500.0,280.0,400.0,740.0,1000.0,500.0
크리스탈신소재,0.0,0.0,70.0,28.0,0.0,0.0,0.0,0.0,0.0
크리스탈지노믹스,0.0,0.0,0.0,0.0,0.0,0.0,0.0,0.0,0.0
크린앤사이언스,0.0,0.0,0.0,0.0,0.0,0.0,500.0,150.0,0.0
클라우드에어,0.0,0.0,0.0,0.0,0.0,0.0,0.0,0.0,0.0
클리노믹스,,,,,,,0.0,0.0,0.0
클리오,0.0,0.0,600.0,100.0,0.0,220.0,0.0,0.0,0.0
키네마스터,50.0,0.0,0.0,0.0,0.0,0.0,0.0,0.0,0.0
키다리스튜디오,30.0,20.0,0.0,0.0,0.0,0.0,0.0,0.0,50.0
키움증권,450.0,700.0,850.0,1300.0,1500.0,2000.0,3000.0,3500.0,3000.0
키이스트,0.0,0.0,0.0,0.0,0.0,0.0,0.0,0.0,0.0
타이거일렉,0.0,0.0,0.0,0.0,0.0,0.0,0.0,0.0,0.0
탑머티리얼,,,,,,,0.0,0.0,0.0
탑엔지니어링,,,,,,,,,
탑코미디어,70.0,65.0,0.0,0.0,0.0,0.0,0.0,0.0,0.0
태경비케이,1000.0,100.0,100.0,100.0,100.0,100.0,100.0,110.0,130.0
태경산업,,,,,,,,,
태경케미컬,150.0,150.0,150.0,150.0,150.0,150.0,200.0,220.0,200.0
태광,,,,,,,,,
태광산업,,,,,,,,,
태림포장,30.0,8.0,8.0,8.0,233.0,290.0,0.0,50.0,50.0
태성,,,,,,,,,
태양,,,,,,,,,
태양금속,,,,,,,,,
태영건설,,,,,,,,,
태웅,,,,,,,,,
태웅로직스,,,,21200.0,212.0,50.0,50.0,100.0,150.0
태원물산,80.0,90.0,100.0,80.0,70.0,85.0,50.0,55.0,50.0
태평양물산,25.0,20.0,0.0,0.0,20.0,30.0,0.0,0.0,30.0
테고사이언스,50.0,0.0,0.0,0.0,0.0,0.0,0.0,0.0,0.0
테라사이언스,0.0,0.0,0.0,0.0,0.0,0.0,0.0,0.0,0.0
테라젠이텍스,0.0,0.0,0.0,0.0,0.0,0.0,0.0,0.0,0.0
테이팩스,,,,0.0,0.0,0.0,500.0,700.0,900.0
테크엘,0.0,0.0,0.0,0.0,0.0,0.0,0.0,0.0,0.0
테크윙,200.0,220.0,220.0,230.0,230.0,230.0,230.0,230.0,130.0
텔레칩스,70.0,80.0,130.0,100.0,120.0,120.0,0.0,120.0,130.0
텔레필드,0.0,0.0,0.0,0.0,0.0,0.0,0.0,0.0,0.0
텔코웨어,600.0,660.0,500.0,580.0,650.0,550.0,480.0,500.0,600.0
텔콘RF제약,0.0,0.0,0.0,0.0,0.0,0.0,0.0,0.0,0.0
토니모리,200.0,300.0,230.0,50.0,100.0,0.0,0.0,0.0,0.0
토마토시스템,,,,,,,0.0,0.0,0.0
토박스코리아,,,,,,,,,
토비스,160.0,200.0,160.0,160.0,200.0,240.0,0.0,100.0,100.0
토탈소프트,0.0,0.0,0.0,0.0,0.0,0.0,0.0,0.0,0.0
톱텍,100.0,150.0,150.0,0.0,150.0,100.0,100.0,0.0,100.0
투비소프트,30.0,0.0,30.0,0.0,0.0,0.0,0.0,0.0,0.0
툴젠,0.0,0.0,0.0,0.0,0.0,0.0,0.0,0.0,0.0
트루윈,25.0,0.0,0.0,0.0,0.0,0.0,0.0,0.0,0.0
트윔,,,,,,,0.0,0.0,0.0
특수건설,0.0,0.0,0.0,0.0,0.0,0.0,0.0,0.0,0.0
티라유텍,,,,0.0,0.0,0.0,0.0,0.0,0.0
티로보틱스,,,,0.0,0.0,0.0,0.0,0.0,0.0
티비씨,,,,,,,,,
티사이언티픽,0.0,0.0,0.0,0.0,0.0,0.0,0.0,0.0,0.0
티쓰리,,,,,,,0.0,0.0,60.0
티앤알바이오팹,,,,0.0,0.0,0.0,0.0,0.0,0.0
티앤엘,,,,,,,400.0,400.0,450.0
티에스넥스젠,0.0,0.0,0.0,0.0,0.0,0.0,0.0,0.0,0.0
티에스아이,,,,,,,,,
티에이치엔,20.0,60.0,55.0,50.0,50.0,60.0,30.0,50.0,50.0
티에프이,,,,,,,33.0,34.0,0.0
티엘비,,,,,,,0.0,250.0,300.0
티엘아이,100.0,100.0,100.0,120.0,0.0,100.0,0.0,0.0,0.0
티와이홀딩스,,,,,,,0.0,0.0,150.0
티움바이오,,,,0.0,0.0,0.0,0.0,0.0,0.0
티웨이항공,,,,0.0,0.0,0.0,0.0,0.0,0.0
티웨이홀딩스,0.0,0.0,0.0,0.0,0.0,0.0,0.0,0.0,0.0
티이엠씨,,,,,,,0.0,0.0,0.0
티케이케미칼,0.0,0.0,0.0,0.0,0.0,0.0,0.0,0.0,0.0
티플랙스,20.0,25.0,20.0,20.0,20.0,20.0,25.0,30.0,30.0
티피씨글로벌,20.0,40.0,50.0,0.0,0.0,20.0,0.0,30.0,0.0
팅크웨어,0.0,0.0,0.0,0.0,0.0,0.0,0.0,0.0,0.0
파나진,,,,,,,,,
파나케이아,0.0,0.0,0.0,0.0,0.0,0.0,0.0,0.0,0.0
파라다이스,600.0,375.0,300.0,100.0,100.0,100.0,0.0,0.0,0.0
파라텍,,,,,,,,,
파루,0.0,0.0,0.0,0.0,0.0,0.0,0.0,0.0,0.0
파멥신,,,,0.0,0.0,0.0,0.0,0.0,0.0
파미셀,,,,,,,,,
파버나인,0.0,0.0,0.0,0.0,0.0,0.0,0.0,0.0,100.0
파세코,150.0,170.0,200.0,210.0,200.0,250.0,300.0,300.0,200.0
파수,50.0,50.0,0.0,0.0,0.0,0.0,0.0,0.0,100.0
파워넷,,,,,,,,,
파워로직스,0.0,0.0,0.0,0.0,0.0,50.0,0.0,0.0,0.0
파이버프로,,,,,,,,,
파이오링크,60.0,0.0,0.0,0.0,0.0,100.0,150.0,250.0,300.0
파인디앤씨,,,,,,,,,
파인디지털,100.0,100.0,50.0,50.0,50.0,50.0,100.0,50.0,50.0
파인엠텍,,,,,,,0.0,0.0,0.0
파인테크닉스,0.0,25.0,25.0,0.0,0.0,0.0,0.0,25.0,0.0
파인텍,,,,,,,,,
파커스,0.0,0.0,0.0,0.0,300.0,150.0,150.0,150.0,0.0
파크시스템스,0.0,50.0,50.0,80.0,100.0,120.0,180.0,250.0,400.0
판타지오,,,,,,,,,
팜스빌,,,,100.0,100.0,200.0,100.0,100.0,100.0
팜스코,0.0,0.0,100.0,100.0,50.0,50.0,100.0,100.0,50.0
팜스토리,25.0,0.0,0.0,0.0,0.0,25.0,50.0,25.0,25.0
팜젠사이언스,0.0,0.0,0.0,0.0,0.0,0.0,0.0,0.0,0.0
패션플랫폼,0.0,0.0,0.0,,,,,,
팬스타엔터프라이즈,0.0,0.0,0.0,0.0,0.0,0.0,0.0,0.0,0.0
팬엔터테인먼트,0.0,0.0,0.0,0.0,0.0,0.0,0.0,0.0,0.0
팬오션,0.0,0.0,0.0,0.0,0.0,0.0,50.0,100.0,150.0
팬젠,,,,,,,,,
퍼스텍,,,,,,,,,
퍼시스,0.0,0.0,0.0,800.0,1000.0,1000.0,1000.0,1100.0,1100.0
펌텍코리아,,,,0.0,0.0,330.0,430.0,350.0,360.0
페이퍼코리아,0.0,0.0,0.0,0.0,0.0,0.0,0.0,0.0,0.0
펨트론,,,,,,,0.0,0.0,0.0
펩트론,0.0,0.0,0.0,0.0,0.0,0.0,0.0,0.0,0.0
평화산업,0.0,0.0,0.0,0.0,0.0,0.0,0.0,0.0,0.0
평화홀딩스,100.0,100.0,150.0,150.0,150.0,150.0,150.0,150.0,150.0
포메탈,40.0,30.0,30.0,60.0,60.0,60.0,60.0,60.0,60.0
포바이포,,,,,,,0.0,0.0,0.0
포스코스틸리온,0.0,750.0,1000.0,750.0,500.0,400.0,500.0,1000.0,875.0
포스코엠텍,0.0,50.0,25.0,75.0,80.0,80.0,80.0,80.0,37.0
포스코인터내셔널,500.0,500.0,500.0,500.0,600.0,700.0,700.0,800.0,1000.0
포스코퓨처엠,1750.0,200.0,300.0,350.0,400.0,400.0,300.0,300.0,300.0
포시에스,35.0,100.0,100.0,100.0,100.0,100.0,100.0,100.0,100.0
포인트모바일,,,,,,,0.0,100.0,0.0
포인트엔지니어링,0.0,416.0,416.0,,,,,,
포커스에이치엔에스,,,,,,,,,
폴라리스세원,0.0,0.0,0.0,0.0,0.0,0.0,0.0,0.0,0.0
폴라리스오피스,0.0,0.0,0.0,0.0,0.0,0.0,0.0,0.0,0.0
폴라리스우노,100.0,100.0,150.0,200.0,100.0,100.0,100.0,0.0,0.0
푸드나무,,,,30000.0,100.0,70.0,300.0,30.0,100.0
푸드웰,75.0,75.0,75.0,75.0,75.0,100.0,85.0,90.0,90.0
푸른기술,0.0,0.0,0.0,0.0,0.0,0.0,0.0,30.0,20.0
푸른저축은행,300.0,200.0,500.0,550.0,550.0,550.0,550.0,650.0,650.0
풀무원,0.0,0.0,0.0,1153.0,1020.0,102.0,102.0,102.0,102.0
풍강,80.0,80.0,70.0,80.0,40.0,60.0,30.0,100.0,130.0
풍국주정,0.0,0.0,100.0,0.0,0.0,0.0,0.0,0.0,0.0
풍산,600.0,500.0,700.0,800.0,600.0,400.0,600.0,1000.0,1000.0
풍산홀딩스,,,,,,,,,
풍원정밀,,,,,,,0.0,0.0,0.0
퓨런티어,,,,,,,0.0,0.0,0.0
퓨쳐켐,0.0,0.0,0.0,0.0,0.0,0.0,0.0,0.0,0.0
프럼파스트,100.0,100.0,75.0,100.0,0.0,0.0,50.0,50.0,50.0
프레스티지바이오로직스,,,,0.0,0.0,0.0,0.0,0.0,0.0
프레스티지바이오파마,,,,,,,0.0,0.0,0.0
프로스테믹스,,,,,,,,,
프로이천,,,,,,,,,
프로텍,160.0,150.0,150.0,200.0,300.0,400.0,300.0,400.0,500.0
프롬바이오,,,,,,,0.0,0.0,0.0
프리시젼바이오,,,,,,,0.0,0.0,0.0
프리엠스,50.0,50.0,50.0,50.0,50.0,50.0,50.0,50.0,50.0
플라즈맵,,,,,,,0.0,0.0,0.0
플래스크,0.0,0.0,0.0,0.0,0.0,0.0,0.0,0.0,0.0
플래티어,,,,,,,0.0,0.0,0.0
플랜티넷,150.0,150.0,150.0,150.0,150.0,250.0,200.0,200.0,100.0
플레이그램,0.0,0.0,0.0,0.0,0.0,0.0,0.0,0.0,0.0
플레이디,,,,0.0,0.0,220.0,0.0,0.0,0.0
플레이위드,0.0,0.0,0.0,0.0,0.0,0.0,300.0,0.0,0.0
플리토,,,,0.0,0.0,0.0,0.0,0.0,0.0
피델릭스,,,,,,,,,
피씨디렉트,0.0,0.0,20.0,50.0,100.0,100.0,150.0,600.0,300.0
피씨엘,0.0,0.0,0.0,0.0,0.0,0.0,0.0,0.0,0.0
피앤씨테크,0.0,0.0,0.0,0.0,0.0,0.0,0.0,0.0,0.0
피에스케이홀딩스,,,,,,,,,
피에스텍,50.0,50.0,75.0,75.0,75.0,150.0,75.0,150.0,200.0
피에이치씨,,,,,,,,,
피에이치에이,140.0,140.0,150.0,160.0,160.0,180.0,180.0,180.0,200.0
피엔에이치테크,0.0,0.0,0.0,0.0,0.0,0.0,0.0,0.0,0.0
피엔케이피부임상연구센타,,,,,,,0.0,0.0,0.0
피엠티,0.0,0.0,0.0,0.0,0.0,0.0,0.0,0.0,0.0
피제이메탈,90.0,100.0,90.0,100.0,100.0,100.0,120.0,150.0,135.0
피제이전자,200.0,220.0,242.0,270.0,185.0,140.0,100.0,130.0,100.0
피코그램,,,,,,,191.0,0.0,0.0
피플바이오,,,,,,,0.0,0.0,0.0
피피아이,,,,0.0,0.0,0.0,0.0,0.0,0.0
픽셀플러스,150.0,100.0,100.0,100.0,100.0,0.0,0.0,0.0,50.0
핀텔,,,,,,,0.0,0.0,0.0
필옵틱스,,,,300.0,0.0,0.0,50.0,0.0,35.0
핌스,,,,,,,0.0,0.0,0.0
핑거,,,,,,,0.0,100.0,100.0
핑거스토리,,,,,,,0.0,0.0,0.0
하나금융지주,600.0,650.0,1050.0,1550.0,1900.0,2100.0,1850.0,3100.0,3350.0
하나기술,,,,,,,,,
하나제약,,,,248.0,280.0,460.0,510.0,510.0,510.0
하나투어,1300.0,1500.0,1500.0,1500.0,1300.0,1000.0,0.0,0.0,0.0
하림,0.0,0.0,50.0,,,,0.0,30.0,20.0
하이드로리튬,30.0,120.0,40.0,10.0,0.0,0.0,0.0,0.0,0.0
하이딥,,,,,,,,,
하이로닉,0.0,70.0,0.0,3.0,3.0,56.0,49.0,0.0,0.0
하이록코리아,400.0,400.0,400.0,400.0,500.0,500.0,500.0,500.0,600.0
하이브,,,,,,,,,
하이비젼시스템,,,,,,,,,
하이소닉,0.0,0.0,0.0,0.0,0.0,0.0,0.0,0.0,0.0
하이스틸,150.0,0.0,150.0,350.0,0.0,100.0,100.0,40.0,20.0
하이즈항공,0.0,0.0,0.0,0.0,31.0,61.0,0.0,0.0,0.0
하이텍팜,250.0,150.0,150.0,100.0,50.0,50.0,50.0,50.0,70.0
하이트론,,,,,,,,,
하이트진로,1000.0,1000.0,900.0,800.0,800.0,700.0,750.0,800.0,950.0
하이트진로홀딩스,450.0,200.0,200.0,150.0,200.0,350.0,400.0,450.0,500.0
하인크코리아,,,,,,,,,
하츠,30.0,30.0,50.0,50.0,30.0,30.0,80.0,100.0,70.0
한국ANKOR유전,,,,,,,,,
한국가구,750.0,850.0,950.0,105.0,115.0,115.0,135.0,175.0,175.0
한국가스공사,250.0,170.0,0.0,0.0,1360.0,380.0,0.0,2728.0,0.0
한국경제TV,50.0,60.0,80.0,70.0,100.0,90.0,130.0,200.0,160.0
한국공항,500.0,500.0,500.0,500.0,1000.0,1000.0,0.0,0.0,0.0
한국금융지주,700.0,1000.0,800.0,1600.0,1800.0,2900.0,3000.0,6150.0,2300.0
한국기업평가,1682.0,1537.0,1947.0,2250.0,2360.0,8618.0,2907.0,3397.0,5100.0
한국내화,50.0,50.0,25.0,25.0,35.0,35.0,35.0,35.0,45.0
한국단자,,,,,,,,,
한국맥널티,0.0,100.0,130.0,50.0,0.0,0.0,50.0,30.0,0.0
한국무브넥스,250.0,0.0,250.0,0.0,0.0,50.0,50.0,90.0,70.0
한국비엔씨,0.0,0.0,0.0,,,,,,
한국석유,,,,,,,,,
한국선재,100.0,100.0,100.0,100.0,0.0,0.0,0.0,0.0,100.0
한국수출포장,,,,,,,,,
한국쉘석유,19000.0,20000.0,19000.0,17000.0,19000.0,16000.0,14000.0,19000.0,18000.0
한국알콜,50.0,50.0,50.0,50.0,50.0,100.0,100.0,100.0,50.0
한국앤컴퍼니,300.0,300.0,300.0,300.0,300.0,350.0,500.0,600.0,650.0
한국유니온제약,,,,0.0,0.0,0.0,0.0,0.0,0.0
한국자산신탁,0.0,175.0,200.0,200.0,200.0,200.0,220.0,220.0,220.0
한국전력,,,,,,,,,
한국전자금융,55.0,70.0,80.0,110.0,110.0,110.0,110.0,110.0,110.0
한국전자인증,39.0,42.0,46.0,46.0,46.0,46.0,46.0,61.0,70.0
한국전자홀딩스,0.0,0.0,0.0,20.0,15.0,0.0,0.0,0.0,50.0
한국정밀기계,0.0,0.0,0.0,0.0,0.0,0.0,0.0,0.0,0.0
한국정보공학,0.0,0.0,0.0,0.0,0.0,0.0,0.0,0.0,0.0
한국정보인증,30.0,35.0,50.0,50.0,80.0,100.0,100.0,120.0,120.0
한국정보통신,0.0,0.0,0.0,0.0,0.0,0.0,0.0,0.0,0.0
한국종합기술,100.0,100.0,100.0,100.0,100.0,100.0,100.0,100.0,100.0
한국주강,0.0,0.0,0.0,0.0,0.0,0.0,0.0,0.0,0.0
한국주철관,,,,,,,,,
한국철강,900.0,900.0,900.0,180.0,200.0,200.0,200.0,250.0,300.0
한국카본,120.0,130.0,130.0,100.0,100.0,120.0,180.0,150.0,130.0
한국캐피탈,20.0,26.0,20.0,13.0,20.0,25.0,25.0,35.0,28.0
한국컴퓨터,120.0,130.0,130.0,120.0,100.0,130.0,150.0,180.0,250.0
한국콜마,160.0,200.0,250.0,300.0,330.0,330.0,345.0,415.0,500.0
한국콜마홀딩스,100.0,125.0,155.0,185.0,195.0,195.0,205.0,245.0,300.0
한국큐빅,50.0,50.0,25.0,15.0,15.0,25.0,50.0,70.0,60.0
한국타이어앤테크놀로지,400.0,400.0,400.0,400.0,450.0,550.0,650.0,700.0,800.0
한국테크놀로지,0.0,0.0,0.0,0.0,0.0,0.0,0.0,0.0,0.0
한국토지신탁,40.0,60.0,75.0,100.0,140.0,80.0,90.0,100.0,90.0
한국특강,0.0,0.0,0.0,0.0,0.0,0.0,0.0,0.0,0.0
한국파마,,,,,,,50.0,50.0,50.0
한국패러랠,,,,,,,,,
한국팩키지,15.0,20.0,30.0,30.0,30.0,35.0,35.0,35.0,35.0
한국항공우주,250.0,400.0,680.0,0.0,200.0,400.0,200.0,200.0,250.0
한국화장품,0.0,0.0,0.0,0.0,0.0,0.0,0.0,0.0,0.0
한국화장품제조,0.0,0.0,100.0,100.0,100.0,100.0,0.0,0.0,100.0
한글과컴퓨터,260.0,400.0,200.0,300.0,200.0,0.0,0.0,0.0,0.0
한네트,120.0,120.0,120.0,100.0,100.0,100.0,100.0,100.0,150.0
한농화성,90.0,100.0,110.0,140.0,120.0,150.0,180.0,230.0,120.0
한독,,,,,,,,,
한독크린텍,,,,0.0,0.0,200.0,300.0,200.0,250.0
한라IMS,50.0,100.0,60.0,60.0,100.0,100.0,100.0,100.0,100.0
한미글로벌,,,,,,,,,
한미반도체,500.0,500.0,500.0,240.0,250.0,100.0,400.0,600.0,200.0
한미사이언스,0.0,500.0,0.0,200.0,200.0,200.0,0.0,0.0,0.0
한미약품,0.0,2000.0,0.0,500.0,500.0,500.0,500.0,500.0,500.0
한빛소프트,0.0,0.0,0.0,0.0,0.0,0.0,0.0,0.0,0.0
한샘,850.0,1000.0,1100.0,1200.0,1200.0,1200.0,1300.0,1550.0,800.0
한섬,300.0,300.0,300.0,350.0,400.0,450.0,450.0,600.0,750.0
한성기업,,,,,,,,,
한세실업,200.0,250.0,330.0,450.0,450.0,500.0,500.0,500.0,500.0
한세엠케이,150.0,200.0,200.0,200.0,200.0,0.0,0.0,0.0,0.0
한세예스24홀딩스,100.0,120.0,160.0,220.0,220.0,250.0,250.0,250.0,250.0
한솔PNS,,,,,,,,,
한솔로지스틱스,20.0,20.0,20.0,30.0,30.0,40.0,50.0,60.0,70.0
한솔아이원스,50.0,0.0,0.0,0.0,0.0,0.0,0.0,0.0,0.0
한솔인티큐브,30.0,30.0,0.0,0.0,0.0,0.0,30.0,0.0,0.0
한솔제지,0.0,500.0,700.0,600.0,600.0,600.0,700.0,600.0,700.0
한솔케미칼,600.0,800.0,1000.0,1000.0,1200.0,1500.0,1800.0,2100.0,2100.0
한솔테크닉스,0.0,0.0,0.0,0.0,0.0,0.0,0.0,0.0,100.0
한솔홀딩스,0.0,0.0,0.0,50.0,0.0,0.0,120.0,120.0,120.0
한솔홈데코,0.0,0.0,0.0,20.0,20.0,0.0,0.0,20.0,0.0
한송네오텍,,,,,,,,,
한스바이오메드,100.0,100.0,100.0,100.0,100.0,120.0,0.0,0.0,0.0
한신공영,0.0,0.0,250.0,375.0,375.0,350.0,400.0,350.0,300.0
한신기계,,,,,,,,,
한양디지텍,0.0,0.0,0.0,0.0,0.0,0.0,0.0,0.0,0.0
한양이엔지,150.0,200.0,250.0,300.0,400.0,450.0,500.0,550.0,600.0
한양증권,350.0,400.0,350.0,350.0,250.0,350.0,750.0,900.0,800.0
한온시스템,194.0,194.0,225.0,305.0,320.0,320.0,320.0,360.0,360.0
한올바이오파마,0.0,0.0,0.0,0.0,0.0,0.0,0.0,0.0,0.0
한익스프레스,500.0,700.0,700.0,80.0,60.0,70.0,0.0,0.0,130.0
한일단조,50.0,100.0,50.0,0.0,0.0,0.0,0.0,0.0,0.0
한일사료,25.0,25.0,25.0,25.0,25.0,25.0,25.0,25.0,0.0
한일시멘트,,,,0.0,4500.0,4700.0,5100.0,540.0,580.0
한일진공,0.0,100.0,0.0,0.0,0.0,0.0,0.0,0.0,0.0
한일철강,,,,,,,,,
한일현대시멘트,0.0,0.0,0.0,0.0,800.0,1000.0,1100.0,1200.0,600.0
한일홀딩스,1500.0,1500.0,1600.0,1800.0,2200.0,2300.0,510.0,550.0,580.0
한일화학,,,,,,,,,
한전KPS,1670.0,1690.0,680.0,1470.0,1790.0,1920.0,1146.0,1199.0,1305.0
한전기술,575.0,200.0,110.0,220.0,140.0,310.0,282.0,238.0,283.0
한전산업,134.0,169.0,218.0,198.0,169.0,227.0,208.0,198.0,228.0
한주라이트메탈,,,,,,,0.0,0.0,0.0
한진,,,,,,,,,
한진중공업홀딩스,200.0,0.0,0.0,0.0,0.0,0.0,0.0,100.0,100.0
한진칼,75.0,75.0,0.0,125.0,300.0,255.0,0.0,0.0,170.0
한창,,,,,,,,,
한창산업,,,,,,,,,
한창제지,0.0,0.0,0.0,20.0,20.0,20.0,20.0,20.0,20.0
한컴라이프케어,,,,,,,0.0,0.0,0.0
한컴위드,0.0,0.0,0.0,0.0,0.0,0.0,0.0,0.0,0.0
한탑,,,,,,,,,
한화,500.0,500.0,600.0,600.0,700.0,700.0,700.0,750.0,750.0
한화갤러리아,0.0,0.0,0.0,,,,,,
한화리츠,,,,,,,,,
한화생명,0.0,0.0,0.0,140.0,100.0,30.0,30.0,0.0,0.0
한화손해보험,0.0,70.0,100.0,150.0,130.0,0.0,0.0,0.0,0.0
한화솔루션,150.0,150.0,350.0,350.0,200.0,200.0,0.0,0.0,0.0
한화시스템,,,,3600.0,310.0,310.0,230.0,160.0,250.0
한화에어로스페이스,0.0,300.0,0.0,0.0,0.0,0.0,600.0,700.0,1000.0
한화투자증권,,,,,,,,,
해성디에스,0.0,0.0,250.0,300.0,300.0,350.0,450.0,600.0,900.0
해성산업,,,,,,,,,
해성옵틱스,0.0,100.0,0.0,0.0,0.0,0.0,0.0,0.0,0.0
해성티피씨,0.0,0.0,0.0,,,,0.0,0.0,0.0
해태제과식품,0.0,0.0,150.0,150.0,150.0,150.0,200.0,200.0,200.0
핸디소프트,,,,,,,,,
핸즈코퍼레이션,0.0,0.0,180.0,100.0,100.0,130.0,0.0,0.0,0.0
헝셩그룹,0.0,0.0,52.0,30.0,0.0,0.0,0.0,0.0,0.0
헥토이노베이션,0.0,350.0,450.0,250.0,260.0,230.0,340.0,390.0,420.0
헥토파이낸셜,,,,0.0,0.0,380.0,350.0,470.0,500.0
헬릭스미스,0.0,0.0,0.0,0.0,0.0,0.0,0.0,0.0,0.0
현대건설,500.0,500.0,500.0,500.0,500.0,600.0,600.0,600.0,600.0
현대공업,60.0,66.0,92.0,37.0,66.0,66.0,132.0,132.0,166.0
현대그린푸드,,,,,,,,,
현대글로비스,2000.0,3000.0,3000.0,3000.0,3300.0,3500.0,3500.0,3800.0,5700.0
현대로템,0.0,0.0,0.0,0.0,0.0,0.0,0.0,0.0,0.0
현대리바트,,,,,,,,,
현대모비스,3000.0,3500.0,3500.0,3500.0,4000.0,4000.0,4000.0,4000.0,4000.0
현대무벡스,,,,,,,,,
현대미포조선,0.0,0.0,0.0,0.0,700.0,350.0,0.0,0.0,0.0
현대바이오,0.0,0.0,0.0,0.0,0.0,0.0,0.0,0.0,0.0
현대바이오랜드,250.0,250.0,250.0,250.0,300.0,350.0,100.0,70.0,70.0
현대백화점,700.0,700.0,700.0,800.0,900.0,1000.0,1000.0,1100.0,1300.0
현대비앤지스틸,100.0,0.0,100.0,100.0,100.0,100.0,100.0,100.0,100.0
현대약품,45.0,47.0,47.0,50.0,45.0,45.0,42.0,30.0,30.0
현대에버다임,150.0,100.0,110.0,110.0,110.0,40.0,20.0,0.0,70.0
현대에이치티,70.0,100.0,130.0,200.0,300.0,300.0,350.0,350.0,130.0
현대엘리베이,,,,,,,,,
현대오토에버,,,,6900.0,690.0,710.0,750.0,700.0,1140.0
현대위아,800.0,1100.0,1100.0,600.0,600.0,700.0,700.0,700.0,700.0
현대이지웰,75.0,75.0,40.0,60.0,60.0,90.0,55.0,70.0,80.0
현대제철,750.0,750.0,750.0,750.0,750.0,750.0,500.0,1000.0,1000.0
현대지에프홀딩스,60.0,60.0,60.0,80.0,210.0,210.0,210.0,210.0,210.0
현대차,,,,,,,,,
현대차증권,150.0,450.0,400.0,400.0,450.0,600.0,675.0,800.0,0.0
현대코퍼레이션,,,,,,,,,
현대코퍼레이션홀딩스,0.0,200.0,400.0,500.0,500.0,500.0,500.0,500.0,500.0
현대퓨처넷,40.0,40.0,40.0,50.0,60.0,60.0,80.0,90.0,90.0
현대해상,750.0,750.0,1350.0,1500.0,1130.0,880.0,1000.0,1480.0,1965.0
현대홈쇼핑,1300.0,1500.0,1500.0,1700.0,1900.0,2000.0,2200.0,2400.0,2600.0
현우산업,30.0,60.0,80.0,100.0,100.0,100.0,100.0,100.0,100.0
협진,175.0,60.0,0.0,0.0,0.0,0.0,0.0,0.0,0.0
형지I&C,15.0,15.0,0.0,0.0,0.0,0.0,0.0,0.0,0.0
형지엘리트,0.0,0.0,0.0,0.0,0.0,0.0,0.0,0.0,0.0
혜인,50.0,30.0,40.0,30.0,30.0,60.0,120.0,130.0,60.0
호전실업,0.0,0.0,0.0,150.0,250.0,250.0,200.0,250.0,300.0
호텔신라,350.0,350.0,350.0,350.0,350.0,350.0,200.0,200.0,200.0
홈센타홀딩스,0.0,50.0,50.0,50.0,0.0,0.0,0.0,0.0,10.0
홈캐스트,0.0,0.0,0.0,0.0,0.0,0.0,0.0,0.0,0.0
화성밸브,0.0,0.0,400.0,0.0,0.0,0.0,0.0,0.0,0.0
화성산업,,,,,,,,,
화승알앤에이,,,,,,,0.0,25.0,50.0
화승엔터프라이즈,0.0,0.0,35.0,35.0,35.0,0.0,45.0,45.0,45.0
화승인더,,,,,,,,,
화승코퍼레이션,250.0,500.0,500.0,25.0,25.0,25.0,25.0,25.0,50.0
화신,,,,,,,,,
화신정공,,,,,,,,,
화인베스틸,0.0,0.0,0.0,0.0,0.0,0.0,0.0,0.0,0.0
화인써키트,,,,,,,,,
화일약품,100.0,150.0,150.0,150.0,150.0,125.0,0.0,0.0,0.0
화천기계,900.0,350.0,0.0,100.0,100.0,0.0,0.0,10.0,30.0
화천기공,1500.0,1500.0,1250.0,1250.0,1250.0,1250.0,750.0,1000.0,2500.0
환인제약,250.0,250.0,250.0,300.0,300.0,300.0,300.0,300.0,300.0
황금에스티,50.0,25.0,75.0,100.0,50.0,100.0,100.0,200.0,200.0
효성,,,,,,,,,
효성ITX,,,,,,,,,
효성오앤비,230.0,250.0,200.0,350.0,0.0,0.0,100.0,0.0,100.0
효성중공업,,,,0.0,0.0,0.0,0.0,0.0,0.0
효성첨단소재,,,,0.0,0.0,0.0,0.0,10000.0,15000.0
효성티앤씨,,,,0.0,1000.0,2000.0,5000.0,50000.0,10000.0
효성화학,,,,0.0,1000.0,5000.0,0.0,0.0,0.0
후성,,,,,,,,,
휠라홀딩스,250.0,250.0,250.0,250.0,50.0,219.0,185.0,1000.0,1580.0
휴네시온,,,,0.0,50.0,35.0,40.0,40.0,40.0
휴니드,,,,,,,,,
휴럼,0.0,0.0,0.0,0.0,0.0,0.0,,,
휴림네트웍스,200.0,0.0,0.0,0.0,0.0,0.0,0.0,0.0,0.0
휴림로봇,0.0,0.0,0.0,0.0,0.0,0.0,0.0,0.0,0.0
휴마시스,,,,,,,,,
휴맥스,150.0,150.0,150.0,0.0,0.0,0.0,0.0,0.0,0.0
휴맥스홀딩스,100.0,100.0,100.0,0.0,0.0,0.0,0.0,0.0,0.0
휴먼엔,0.0,0.0,0.0,0.0,0.0,0.0,0.0,0.0,0.0
휴메딕스,0.0,300.0,500.0,600.0,600.0,500.0,400.0,400.0,500.0
휴비스,300.0,300.0,300.0,300.0,300.0,150.0,300.0,300.0,0.0
휴비츠,100.0,100.0,100.0,150.0,150.0,150.0,100.0,200.0,200.0
휴센텍,0.0,0.0,0.0,0.0,0.0,0.0,0.0,0.0,0.0
휴스틸,700.0,400.0,500.0,500.0,400.0,300.0,200.0,800.0,350.0
휴엠앤씨,,,,0.0,0.0,0.0,0.0,0.0,0.0
휴온스글로벌,400.0,550.0,400.0,500.0,500.0,400.0,400.0,500.0,500.0
흥구석유,50.0,80.0,100.0,100.0,120.0,150.0,150.0,100.0,150.0
흥국,,,,,,,,,
흥국에프엔비,200.0,200.0,100.0,50.0,100.0,30.0,20.0,30.0,40.0
흥국화재,0.0,0.0,0.0,0.0,0.0,0.0,0.0,0.0,0.0
흥아해운,9.0,7.0,5.0,0.0,0.0,0.0,0.0,0.0,0.0
희림,0.0,0.0,0.0,0.0,0.0,0.0,0.0,0.0,0.0
힘스,,,,200.0,0.0,200.0,150.0,100.0,0.0
